R1_frame,actual_strain,group,child_count,U_child_max,U_child_rms,V_child_max_per_s,min_area_ratio,max_area_ratio,min_corner_J_mm2,max_top_edge_length_ratio
0,0.0,ALL:ORIGINAL_PARENT_DEPTH_GROUP_1,12288,0.0,0.0,0.0,1.0,1.0,1.8310546874999605e-10,1.0
0,0.0,ALL:ORIGINAL_PARENT_DEPTH_GROUP_2,12288,0.0,0.0,0.0,1.0,1.0,2.331698404209899e-10,1.0
0,0.0,ALL:ORIGINAL_PARENT_DEPTH_GROUP_3,12288,0.0,0.0,0.0,1.0,1.0,4.164884092382055e-10,1.0
0,0.0,ALL:ORIGINAL_PARENT_DEPTH_GROUP_4,12288,0.0,0.0,0.0,1.0,1.0,7.439323830070899e-10,1.0
0,0.0,NEAR_OWN_FIRST_DELETE_COLUMNS:ORIGINAL_PARENT_DEPTH_GROUP_1,144,0.0,0.0,0.0,1.0,1.0,1.8310546874999605e-10,1.0
0,0.0,NEAR_OWN_FIRST_DELETE_COLUMNS:ORIGINAL_PARENT_DEPTH_GROUP_2,144,0.0,0.0,0.0,1.0,1.0,2.331698404209899e-10,1.0
0,0.0,NEAR_OWN_FIRST_DELETE_COLUMNS:ORIGINAL_PARENT_DEPTH_GROUP_3,144,0.0,0.0,0.0,1.0,1.0,4.164884092382055e-10,1.0
0,0.0,NEAR_OWN_FIRST_DELETE_COLUMNS:ORIGINAL_PARENT_DEPTH_GROUP_4,144,0.0,0.0,0.0,1.0,1.0,7.439323830070899e-10,1.0
0,0.0,FAR_FROM_OWN_FIRST_DELETE_COLUMNS:ORIGINAL_PARENT_DEPTH_GROUP_1,12144,0.0,0.0,0.0,1.0,1.0,1.8310546874999605e-10,1.0
0,0.0,FAR_FROM_OWN_FIRST_DELETE_COLUMNS:ORIGINAL_PARENT_DEPTH_GROUP_2,12144,0.0,0.0,0.0,1.0,1.0,2.331698404209899e-10,1.0
0,0.0,FAR_FROM_OWN_FIRST_DELETE_COLUMNS:ORIGINAL_PARENT_DEPTH_GROUP_3,12144,0.0,0.0,0.0,1.0,1.0,4.164884092382055e-10,1.0
0,0.0,FAR_FROM_OWN_FIRST_DELETE_COLUMNS:ORIGINAL_PARENT_DEPTH_GROUP_4,12144,0.0,0.0,0.0,1.0,1.0,7.439323830070899e-10,1.0
1057,0.0023822427619997906,ALL:ORIGINAL_PARENT_DEPTH_GROUP_1,12288,5.418325828224595e-09,2.012106824188571e-09,0.0011275205715710953,1.0000474231765693,1.000047462114317,1.8311415170380616e-10,1.0023824232253666
1057,0.0023822427619997906,ALL:ORIGINAL_PARENT_DEPTH_GROUP_2,12288,4.8402078355513715e-09,2.2396327703377484e-09,0.0009402781349462346,1.0000474260423722,1.0000474589589399,2.3318089804988153e-10,1.0023826462167698
1057,0.0023822427619997906,ALL:ORIGINAL_PARENT_DEPTH_GROUP_3,12288,9.649719523377948e-09,3.0728305921634665e-09,0.0020119404466729532,1.0000474297657678,1.0000474629845648,4.1650816168680306e-10,1.0023828832440775
1057,0.0023822427619997906,ALL:ORIGINAL_PARENT_DEPTH_GROUP_4,12288,2.4833636507414847e-05,3.539491783094528e-07,4.882980368572884,1.0000473282999462,1.000049262454775,7.439676584916593e-10,1.0023868064342327
1057,0.0023822427619997906,NEAR_OWN_FIRST_DELETE_COLUMNS:ORIGINAL_PARENT_DEPTH_GROUP_1,144,2.572924275598203e-09,2.1974184671164278e-09,0.00049952507400664,1.000047448115117,1.0000474505284962,1.8311415549043133e-10,1.0023822440047738
1057,0.0023822427619997906,NEAR_OWN_FIRST_DELETE_COLUMNS:ORIGINAL_PARENT_DEPTH_GROUP_2,144,3.843733785704107e-09,3.0482373782273794e-09,0.0007712502200460551,1.000047448031511,1.0000474498531569,2.331809017217937e-10,1.002382040471855
1057,0.0023822427619997906,NEAR_OWN_FIRST_DELETE_COLUMNS:ORIGINAL_PARENT_DEPTH_GROUP_3,144,7.424513495709115e-09,5.267536716966748e-09,0.0016884925606764768,1.000047448096203,1.0000474505149366,4.1650816518834503e-10,1.0023818130135131
1057,0.0023822427619997906,NEAR_OWN_FIRST_DELETE_COLUMNS:ORIGINAL_PARENT_DEPTH_GROUP_4,144,1.4884123412668728e-08,7.554692177429085e-09,0.0031480930178246036,1.000047422032559,1.0000474506105639,7.439676621349467e-10,1.0023824439490532
1057,0.0023822427619997906,FAR_FROM_OWN_FIRST_DELETE_COLUMNS:ORIGINAL_PARENT_DEPTH_GROUP_1,12144,5.418325828224595e-09,2.009806951439069e-09,0.0011275205715710953,1.0000474231765693,1.000047462114317,1.8311415170380616e-10,1.0023824232253666
1057,0.0023822427619997906,FAR_FROM_OWN_FIRST_DELETE_COLUMNS:ORIGINAL_PARENT_DEPTH_GROUP_2,12144,4.8402078355513715e-09,2.2282849471371713e-09,0.0009402781349462346,1.0000474260423722,1.0000474589589399,2.3318089804988153e-10,1.0023826462167698
1057,0.0023822427619997906,FAR_FROM_OWN_FIRST_DELETE_COLUMNS:ORIGINAL_PARENT_DEPTH_GROUP_3,12144,9.649719523377948e-09,3.037307459002085e-09,0.0020119404466729532,1.0000474297657678,1.0000474629845648,4.1650816168680306e-10,1.0023828832440775
1057,0.0023822427619997906,FAR_FROM_OWN_FIRST_DELETE_COLUMNS:ORIGINAL_PARENT_DEPTH_GROUP_4,12144,2.4833636507414847e-05,3.560405565526887e-07,4.882980368572884,1.0000473282999462,1.000049262454775,7.439676584916593e-10,1.0023868064342327
1058,0.0023879182714846886,ALL:ORIGINAL_PARENT_DEPTH_GROUP_1,12288,0.00012510022461861606,2.24519444452217e-06,39910.09915234251,1.000040095385833,1.0000702106934332,1.8306752932340736e-10,1.0029262483927996
1058,0.0023879182714846886,ALL:ORIGINAL_PARENT_DEPTH_GROUP_2,12288,3.350419201285176e-08,4.39137233185701e-09,23.47440561821379,1.0000473665965215,1.0000481285883265,2.3318088150286005e-10,1.0023884502792249
1058,0.0023879182714846886,ALL:ORIGINAL_PARENT_DEPTH_GROUP_3,12288,9.673898892507549e-09,3.0787266577615754e-09,1.084765989065643,1.000047493219354,1.0000475754508127,4.1650819370981116e-10,1.0023885585784893
1058,0.0023879182714846886,ALL:ORIGINAL_PARENT_DEPTH_GROUP_4,12288,2.4894874080109083e-05,3.548216602311279e-07,4.910220874643825,1.0000474408701,1.0000493797952161,7.439677423970946e-10,1.0023924953770234
1058,0.0023879182714846886,NEAR_OWN_FIRST_DELETE_COLUMNS:ORIGINAL_PARENT_DEPTH_GROUP_1,144,0.00012510022461861606,1.3916481060838906e-05,39910.09915234251,1.000040095385833,1.0000702106934332,1.8306752932340736e-10,1.0029262483927996
1058,0.0023879182714846886,NEAR_OWN_FIRST_DELETE_COLUMNS:ORIGINAL_PARENT_DEPTH_GROUP_2,144,2.6698973625719604e-08,9.943284229488735e-09,19.12028944631674,1.0000475590893523,1.0000480885107874,2.331810157601051e-10,1.0023875201930381
1058,0.0023879182714846886,NEAR_OWN_FIRST_DELETE_COLUMNS:ORIGINAL_PARENT_DEPTH_GROUP_3,144,7.445100542414019e-09,5.270128700087937e-09,0.4501011071166827,1.0000475088659633,1.00004756294653,4.1650820758642333e-10,1.0023874835490647
1058,0.0023879182714846886,NEAR_OWN_FIRST_DELETE_COLUMNS:ORIGINAL_PARENT_DEPTH_GROUP_4,144,1.4923337949034788e-08,7.575696050640715e-09,0.003143953239488879,1.000047534827099,1.0000475634628476,7.439677460062313e-10,1.0023881217366841
1058,0.0023879182714846886,FAR_FROM_OWN_FIRST_DELETE_COLUMNS:ORIGINAL_PARENT_DEPTH_GROUP_1,12144,0.00012246916037142048,1.6745769056117952e-06,37583.72419630562,1.0000403098213446,1.0000694015708256,1.8306844617121314e-10,1.0029149789184681
1058,0.0023879182714846886,FAR_FROM_OWN_FIRST_DELETE_COLUMNS:ORIGINAL_PARENT_DEPTH_GROUP_2,12144,3.350419201285176e-08,4.282576124899561e-09,23.47440561821379,1.0000473665965215,1.0000481285883265,2.3318088150286005e-10,1.0023884502792249
1058,0.0023879182714846886,FAR_FROM_OWN_FIRST_DELETE_COLUMNS:ORIGINAL_PARENT_DEPTH_GROUP_3,12144,9.673898892507549e-09,3.0432897971682507e-09,1.084765989065643,1.000047493219354,1.0000475754508127,4.1650819370981116e-10,1.0023885585784893
1058,0.0023879182714846886,FAR_FROM_OWN_FIRST_DELETE_COLUMNS:ORIGINAL_PARENT_DEPTH_GROUP_4,12144,2.4894874080109083e-05,3.5691819310585297e-07,4.910220874643825,1.0000474408701,1.0000493797952161,7.439677423970946e-10,1.0023924953770234
1060,0.0023992847122015536,ALL:ORIGINAL_PARENT_DEPTH_GROUP_1,12288,0.1713991182681735,0.0018969930065335235,39577093.750083484,0.9967096975740647,1.0208279180378992,1.2294924010352556e-10,1.8951655670697862
1060,0.0023992847122015536,ALL:ORIGINAL_PARENT_DEPTH_GROUP_2,12288,0.00010602659018444802,8.033539850276823e-06,30884.26001082401,0.999956490198654,1.0009466885207925,2.331580406199253e-10,1.0033624498347686
1060,0.0023992847122015536,ALL:ORIGINAL_PARENT_DEPTH_GROUP_3,12288,4.8542885276577565e-06,6.371703599750595e-07,1426.1834260119708,1.0000137942920393,1.0002414336828032,4.1649415298256323e-10,1.0024817265141797
1060,0.0023992847122015536,ALL:ORIGINAL_PARENT_DEPTH_GROUP_4,12288,2.575536536463309e-05,3.666124886509175e-07,331.10379052492743,1.000041623205517,1.0000693427000262,7.439633442322576e-10,1.0024042089337792
1060,0.0023992847122015536,NEAR_OWN_FIRST_DELETE_COLUMNS:ORIGINAL_PARENT_DEPTH_GROUP_1,144,0.1713991182681735,0.017308578490065677,39577093.750083484,0.9967096975740647,1.0208279180378992,1.2294924010352556e-10,1.8951655670697862
1060,0.0023992847122015536,NEAR_OWN_FIRST_DELETE_COLUMNS:ORIGINAL_PARENT_DEPTH_GROUP_2,144,0.00010602659018444802,4.2670732231415024e-05,30884.26001082401,1.0002531051520382,1.0009466885207925,2.332751272764239e-10,1.0021246780230955
1060,0.0023992847122015536,NEAR_OWN_FIRST_DELETE_COLUMNS:ORIGINAL_PARENT_DEPTH_GROUP_3,144,4.8542885276577565e-06,2.085387284650863e-06,1426.1834260119708,1.0000718491224703,1.0002414336828032,4.1657562979835094e-10,1.002386378215822
1060,0.0023992847122015536,NEAR_OWN_FIRST_DELETE_COLUMNS:ORIGINAL_PARENT_DEPTH_GROUP_4,144,1.8968552047684257e-07,7.356688262584283e-08,59.93430572084881,1.0000478629494938,1.0000693427000262,7.439815402301829e-10,1.002399206471033
1060,0.0023992847122015536,FAR_FROM_OWN_FIRST_DELETE_COLUMNS:ORIGINAL_PARENT_DEPTH_GROUP_1,12144,0.012531358061311067,0.0002980598891328668,2214639.39509975,0.999296788001729,1.0048614820040327,1.72817915047983e-10,1.056941002024424
1060,0.0023992847122015536,FAR_FROM_OWN_FIRST_DELETE_COLUMNS:ORIGINAL_PARENT_DEPTH_GROUP_2,12144,0.00010077305332435928,6.611552064994301e-06,29427.20833344451,0.999956490198654,1.0009029646016347,2.331580406199253e-10,1.0033624498347686
1060,0.0023992847122015536,FAR_FROM_OWN_FIRST_DELETE_COLUMNS:ORIGINAL_PARENT_DEPTH_GROUP_3,12144,4.843750431322724e-06,5.993603735990505e-07,1421.688426963034,1.0000137942920393,1.000238907846695,4.1649415298256323e-10,1.0024817265141797
1060,0.0023992847122015536,FAR_FROM_OWN_FIRST_DELETE_COLUMNS:ORIGINAL_PARENT_DEPTH_GROUP_4,12144,2.575536536463309e-05,3.6869265482185616e-07,331.10379052492743,1.000041623205517,1.0000691721286339,7.439633442322576e-10,1.0024042089337792
1061,0.0024049796788102166,ALL:ORIGINAL_PARENT_DEPTH_GROUP_1,12288,0.2121329187842198,0.002383664667324454,9539414.256193213,0.9943258984885481,1.0219656853043502,1.0565476644204606e-10,2.1962713696852387
1061,0.0024049796788102166,ALL:ORIGINAL_PARENT_DEPTH_GROUP_2,12288,0.0007107042911757926,6.578680319061479e-05,109156.14027620458,0.9995548814456583,1.0005761837058764,2.3258608182510186e-10,1.0104347790745345
1061,0.0024049796788102166,ALL:ORIGINAL_PARENT_DEPTH_GROUP_3,12288,5.3951293838439534e-05,7.054320343440762e-06,8483.69029795918,0.9995425236472721,1.0007088245436526,4.162213183162194e-10,1.0035890679934332
1061,0.0024049796788102166,ALL:ORIGINAL_PARENT_DEPTH_GROUP_4,12288,4.800896841474323e-05,1.4208799055690912e-06,6925.772278408528,0.999823632967356,1.0007040491963843,7.43801129653068e-10,1.002573948223458
1061,0.0024049796788102166,NEAR_OWN_FIRST_DELETE_COLUMNS:ORIGINAL_PARENT_DEPTH_GROUP_1,144,0.2121329187842198,0.02164979131517967,9539414.256193213,0.9943258984885481,1.0219656853043502,1.0565476644204606e-10,2.1962713696852387
1061,0.0024049796788102166,NEAR_OWN_FIRST_DELETE_COLUMNS:ORIGINAL_PARENT_DEPTH_GROUP_2,144,0.000658201651740196,0.0003053635162711098,109156.14027620458,0.9995714608716004,1.0005761837058764,2.32627340018813e-10,0.9983077737066061
1061,0.0024049796788102166,NEAR_OWN_FIRST_DELETE_COLUMNS:ORIGINAL_PARENT_DEPTH_GROUP_3,144,5.3951293838439534e-05,2.5635817286067925e-05,4358.281217160308,0.9995749633469203,1.0007087388641023,4.162336887698992e-10,1.0019046885027547
1061,0.0024049796788102166,NEAR_OWN_FIRST_DELETE_COLUMNS:ORIGINAL_PARENT_DEPTH_GROUP_4,144,6.3220602595463735e-06,2.6737260652084615e-06,1052.4759588179288,1.0000525050362221,1.0007040491963843,7.444101437814054e-10,1.002400966493813
1061,0.0024049796788102166,FAR_FROM_OWN_FIRST_DELETE_COLUMNS:ORIGINAL_PARENT_DEPTH_GROUP_1,12144,0.017104628092742925,0.00043745158091308255,2072921.4151276844,0.9980651016054986,1.003891209941974,1.7000757754575364e-10,1.095235066320658
1061,0.0024049796788102166,FAR_FROM_OWN_FIRST_DELETE_COLUMNS:ORIGINAL_PARENT_DEPTH_GROUP_2,12144,0.0007107042911757926,5.721475590324034e-05,76692.93714228948,0.9995548814456583,1.0005339674124916,2.3258608182510186e-10,1.0104347790745345
1061,0.0024049796788102166,FAR_FROM_OWN_FIRST_DELETE_COLUMNS:ORIGINAL_PARENT_DEPTH_GROUP_3,12144,5.330388445623928e-05,6.523855314687153e-06,8483.69029795918,0.9995425236472721,1.0007088245436526,4.162213183162194e-10,1.0035890679934332
1061,0.0024049796788102166,FAR_FROM_OWN_FIRST_DELETE_COLUMNS:ORIGINAL_PARENT_DEPTH_GROUP_4,12144,4.800896841474323e-05,1.3993108009029465e-06,6925.772278408528,0.999823632967356,1.0007039239419593,7.43801129653068e-10,1.002573948223458
1081,0.002520296970342847,ALL:ORIGINAL_PARENT_DEPTH_GROUP_1,12288,0.22190426938709318,0.0024579652723136086,2106824.0331838108,0.9960921492087191,1.0224414851745385,1.0535421188216222e-10,2.277037856577217
1081,0.002520296970342847,ALL:ORIGINAL_PARENT_DEPTH_GROUP_2,12288,0.0011413889726046402,0.00012206313910819842,470761.50436588045,0.9994056296530378,1.0007501050401175,2.327625490761545e-10,1.0198486369606778
1081,0.002520296970342847,ALL:ORIGINAL_PARENT_DEPTH_GROUP_3,12288,0.00204035624066678,0.00021722914850750926,709810.0151239643,0.9994568043010366,1.0005102682065419,4.153155546440747e-10,1.009287130484756
1081,0.002520296970342847,ALL:ORIGINAL_PARENT_DEPTH_GROUP_4,12288,0.014418528378138366,0.0003161109705510813,1165539.8452395808,0.9993603034374324,1.0011737035712447,7.408880293144777e-10,1.0180189535412598
1081,0.002520296970342847,NEAR_OWN_FIRST_DELETE_COLUMNS:ORIGINAL_PARENT_DEPTH_GROUP_1,144,0.22190426938709318,0.022384889453021473,2106824.0331838108,0.9960921492087191,1.0224414851745385,1.0535421188216222e-10,2.277037856577217
1081,0.002520296970342847,NEAR_OWN_FIRST_DELETE_COLUMNS:ORIGINAL_PARENT_DEPTH_GROUP_2,144,0.0011413889726046402,0.0005731342690804853,429654.3375784159,1.000296734819727,1.0007501050401175,2.328066786607494e-10,1.0063865482160006
1081,0.002520296970342847,NEAR_OWN_FIRST_DELETE_COLUMNS:ORIGINAL_PARENT_DEPTH_GROUP_3,144,0.00204035624066678,0.001015965420863709,709810.0151239643,1.0000637231944898,1.0003755269271934,4.153155546440747e-10,1.007696166367089
1081,0.002520296970342847,NEAR_OWN_FIRST_DELETE_COLUMNS:ORIGINAL_PARENT_DEPTH_GROUP_4,144,0.0013749543538412587,0.0006494903599328439,1165539.8452395808,0.9994012158281635,1.0005135518173836,7.409764140081329e-10,1.0089874021576413
1081,0.002520296970342847,FAR_FROM_OWN_FIRST_DELETE_COLUMNS:ORIGINAL_PARENT_DEPTH_GROUP_1,12144,0.01848256618221195,0.0004141663954164997,694020.8164312099,0.99796589692607,1.0039453490147199,1.6877066804901286e-10,1.1059172059849054
1081,0.002520296970342847,FAR_FROM_OWN_FIRST_DELETE_COLUMNS:ORIGINAL_PARENT_DEPTH_GROUP_2,12144,0.0010143684722193915,0.00010574038366516922,470761.50436588045,0.9994056296530378,1.0007039473894253,2.327625490761545e-10,1.0198486369606778
1081,0.002520296970342847,FAR_FROM_OWN_FIRST_DELETE_COLUMNS:ORIGINAL_PARENT_DEPTH_GROUP_3,12144,0.0020116834926604357,0.00018843750653531896,693420.8010839379,0.9994568043010366,1.0005102682065419,4.154228806736971e-10,1.009287130484756
1081,0.002520296970342847,FAR_FROM_OWN_FIRST_DELETE_COLUMNS:ORIGINAL_PARENT_DEPTH_GROUP_4,12144,0.014418528378138366,0.00031001453565925567,1141475.7305772947,0.9993603034374324,1.0011737035712447,7.408880293144777e-10,1.0180189535412598
1082,0.0025261341599057308,ALL:ORIGINAL_PARENT_DEPTH_GROUP_1,12288,0.21857371999292025,0.0024302685375303,2023255.43967398,0.9956817706564527,1.0221498993115712,1.0618160419644072e-10,2.2573753975151374
1082,0.0025261341599057308,ALL:ORIGINAL_PARENT_DEPTH_GROUP_2,12288,0.0015011707898155838,0.0001396250372409274,592317.315775669,0.9995057362042685,1.000681432332618,2.32882700723818e-10,1.0183611948000493
1082,0.0025261341599057308,ALL:ORIGINAL_PARENT_DEPTH_GROUP_3,12288,0.001873763875176136,0.00019351588314721997,638374.5029918433,0.9994620214163672,1.000875240312697,4.150022097062032e-10,1.0085443586411695
1082,0.0025261341599057308,ALL:ORIGINAL_PARENT_DEPTH_GROUP_4,12288,0.012568775821485682,0.00027786708370204166,1267973.6415007608,0.9991634842592911,1.000906849504474,7.417890838929541e-10,1.0172672465492922
1082,0.0025261341599057308,NEAR_OWN_FIRST_DELETE_COLUMNS:ORIGINAL_PARENT_DEPTH_GROUP_1,144,0.21857371999292025,0.02212533896337462,2023255.43967398,0.9956817706564527,1.0221498993115712,1.0618160419644072e-10,2.2573753975151374
1082,0.0025261341599057308,NEAR_OWN_FIRST_DELETE_COLUMNS:ORIGINAL_PARENT_DEPTH_GROUP_2,144,0.0015011707898155838,0.0006595720653697206,392453.494005229,1.0002849550804955,1.0005158968156835,2.330586745367286e-10,1.005630193558254
1082,0.0025261341599057308,NEAR_OWN_FIRST_DELETE_COLUMNS:ORIGINAL_PARENT_DEPTH_GROUP_3,144,0.001873763875176136,0.0008802047702430047,638374.5029918433,1.0001904145277274,1.000519610900388,4.150022097062032e-10,1.0076603373145574
1082,0.0025261341599057308,NEAR_OWN_FIRST_DELETE_COLUMNS:ORIGINAL_PARENT_DEPTH_GROUP_4,144,0.0008289522275492108,0.00046558911826423416,1267973.6415007608,0.9996611063261398,1.0007502138196003,7.420183720178764e-10,1.0107262491891462
1082,0.0025261341599057308,FAR_FROM_OWN_FIRST_DELETE_COLUMNS:ORIGINAL_PARENT_DEPTH_GROUP_1,12144,0.018331271652526536,0.0004141597015960217,544531.6012399296,0.9975230473621203,1.0036026608359783,1.6859943019065113e-10,1.1061246265072404
1082,0.0025261341599057308,FAR_FROM_OWN_FIRST_DELETE_COLUMNS:ORIGINAL_PARENT_DEPTH_GROUP_2,12144,0.0014294948638353233,0.00012069713073521501,592317.315775669,0.9995057362042685,1.000681432332618,2.32882700723818e-10,1.0183611948000493
1082,0.0025261341599057308,FAR_FROM_OWN_FIRST_DELETE_COLUMNS:ORIGINAL_PARENT_DEPTH_GROUP_3,12144,0.0018283055129199822,0.00016942717169967207,636281.1172366131,0.9994620214163672,1.000875240312697,4.150107271913521e-10,1.0085443586411695
1082,0.0025261341599057308,FAR_FROM_OWN_FIRST_DELETE_COLUMNS:ORIGINAL_PARENT_DEPTH_GROUP_4,12144,0.012568775821485682,0.0002748730937315543,1250686.9169194587,0.9991634842592911,1.000906849504474,7.417890838929541e-10,1.0172672465492922
1389,0.004618302264921559,ALL:ORIGINAL_PARENT_DEPTH_GROUP_1,12288,0.3079824592740472,0.0035253990912174453,2096587.474273558,0.9936321927547052,1.0369925827587754,7.009402296047788e-11,3.3583870079044256
1389,0.004618302264921559,ALL:ORIGINAL_PARENT_DEPTH_GROUP_2,12288,0.001658949632768238,0.00016155425531131306,720019.1411091625,0.9993915858286766,1.0010468506540222,2.3263963539013866e-10,1.034853095621163
1389,0.004618302264921559,ALL:ORIGINAL_PARENT_DEPTH_GROUP_3,12288,0.0016154054281843366,0.00021109519291164522,1104101.0389452053,0.9994693202765361,1.0007644899301527,4.1476649163512037e-10,1.0159545416575517
1389,0.004618302264921559,ALL:ORIGINAL_PARENT_DEPTH_GROUP_4,12288,0.0010827538042740364,0.000149336526157054,901494.1213372205,0.9994309057226499,1.000687001062807,7.403452500124123e-10,1.0112059716346493
1389,0.004618302264921559,NEAR_OWN_FIRST_DELETE_COLUMNS:ORIGINAL_PARENT_DEPTH_GROUP_1,144,0.3079824592740472,0.03210872156329881,2096587.474273558,0.9936321927547052,1.0369925827587754,7.009402296047788e-11,3.3583870079044256
1389,0.004618302264921559,NEAR_OWN_FIRST_DELETE_COLUMNS:ORIGINAL_PARENT_DEPTH_GROUP_2,144,0.001658949632768238,0.0007387595142098291,720019.1411091625,1.000392048567271,1.0010468506540222,2.327650346807504e-10,1.0115992741346713
1389,0.004618302264921559,NEAR_OWN_FIRST_DELETE_COLUMNS:ORIGINAL_PARENT_DEPTH_GROUP_3,144,0.0016154054281843366,0.0008933993119826585,1104101.0389452053,1.00017795842001,1.000424882105334,4.1476649163512037e-10,1.0118905458005565
1389,0.004618302264921559,NEAR_OWN_FIRST_DELETE_COLUMNS:ORIGINAL_PARENT_DEPTH_GROUP_4,144,0.0010559886695789796,0.0004461581565658629,901494.1213372205,0.9998862954430305,1.0002336316578886,7.405837041123182e-10,1.0075633731392981
1389,0.004618302264921559,FAR_FROM_OWN_FIRST_DELETE_COLUMNS:ORIGINAL_PARENT_DEPTH_GROUP_1,12144,0.02596302996822973,0.0005923435045072877,933972.3717011759,0.996665590619702,1.004641219376415,1.6352827548187246e-10,1.1651017316082162
1389,0.004618302264921559,FAR_FROM_OWN_FIRST_DELETE_COLUMNS:ORIGINAL_PARENT_DEPTH_GROUP_2,12144,0.0013985051776868125,0.00014120103344814844,614067.1423152124,0.9993915858286766,1.0009982687444798,2.3263963539013866e-10,1.034853095621163
1389,0.004618302264921559,FAR_FROM_OWN_FIRST_DELETE_COLUMNS:ORIGINAL_PARENT_DEPTH_GROUP_3,12144,0.0015534757168766875,0.00018874638659442447,1064579.9260074918,0.9994693202765361,1.0007644899301527,4.1496922749997667e-10,1.0159545416575517
1389,0.004618302264921559,FAR_FROM_OWN_FIRST_DELETE_COLUMNS:ORIGINAL_PARENT_DEPTH_GROUP_4,12144,0.0010827538042740364,0.00014214598348957533,873582.7893069376,0.9994309057226499,1.000687001062807,7.403452500124123e-10,1.0112059716346493
1390,0.00462601123355589,ALL:ORIGINAL_PARENT_DEPTH_GROUP_1,12288,0.30976149072296816,0.003527869172282435,2217514.2316634944,0.9927388929980205,1.0369067965138419,6.84952071366502e-11,3.3521019790198596
1390,0.00462601123355589,ALL:ORIGINAL_PARENT_DEPTH_GROUP_2,12288,0.0015612313270618773,0.00016423475214154924,647430.6175000768,0.9995309706962615,1.0010352339108743,2.325293548706973e-10,1.0321285866053198
1390,0.00462601123355589,ALL:ORIGINAL_PARENT_DEPTH_GROUP_3,12288,0.0015177715032217657,0.0001851969697168596,809270.1429372816,0.9996553345306167,1.0009043690795858,4.1572348269256996e-10,1.0162469987645784
1390,0.00462601123355589,ALL:ORIGINAL_PARENT_DEPTH_GROUP_4,12288,0.0011659547322416689,0.00015182015732895422,931659.6358943817,0.9992288096687376,1.0005720401452067,7.409333474476095e-10,1.0106406333886087
1390,0.00462601123355589,NEAR_OWN_FIRST_DELETE_COLUMNS:ORIGINAL_PARENT_DEPTH_GROUP_1,144,0.30976149072296816,0.03213277638163487,2217514.2316634944,0.9927388929980205,1.0369067965138419,6.84952071366502e-11,3.3521019790198596
1390,0.00462601123355589,NEAR_OWN_FIRST_DELETE_COLUMNS:ORIGINAL_PARENT_DEPTH_GROUP_2,144,0.0015612313270618773,0.0007536738494059421,647430.6175000768,1.000753278773876,1.0010352339108743,2.3256042069776426e-10,1.012539746823001
1390,0.00462601123355589,NEAR_OWN_FIRST_DELETE_COLUMNS:ORIGINAL_PARENT_DEPTH_GROUP_3,144,0.0015177715032217657,0.0007360403210741608,809270.1429372816,1.0004382845802489,1.000827139206139,4.1634727810852037e-10,1.011098843772784
1390,0.00462601123355589,NEAR_OWN_FIRST_DELETE_COLUMNS:ORIGINAL_PARENT_DEPTH_GROUP_4,144,0.0011659547322416689,0.0004944885859929203,931659.6358943817,1.000006301520538,1.0004288925805094,7.413286286801866e-10,1.0070459686313586
1390,0.00462601123355589,FAR_FROM_OWN_FIRST_DELETE_COLUMNS:ORIGINAL_PARENT_DEPTH_GROUP_1,12144,0.025539417301737352,0.000591756398140175,526319.0880858579,0.9969554506232868,1.0043737360778113,1.6339914998078828e-10,1.1725018281408366
1390,0.00462601123355589,FAR_FROM_OWN_FIRST_DELETE_COLUMNS:ORIGINAL_PARENT_DEPTH_GROUP_2,12144,0.0014035345442612015,0.000143378613211325,605936.1789782497,0.9995309706962615,1.0009782355188246,2.325293548706973e-10,1.0321285866053198
1390,0.00462601123355589,FAR_FROM_OWN_FIRST_DELETE_COLUMNS:ORIGINAL_PARENT_DEPTH_GROUP_3,12144,0.0014331954720951416,0.00016816847425942365,788322.22233132,0.9996553345306167,1.0009043690795858,4.1572348269256996e-10,1.0162469987645784
1390,0.00462601123355589,FAR_FROM_OWN_FIRST_DELETE_COLUMNS:ORIGINAL_PARENT_DEPTH_GROUP_4,12144,0.001146099636256634,0.00014290989613879645,916144.6377986188,0.9992288096687376,1.0005720401452067,7.409333474476095e-10,1.0106406333886087
4000,0.02000000000000147,ALL:ORIGINAL_PARENT_DEPTH_GROUP_1,12288,0.4600903042699822,0.008195846119460237,477246.8326033999,0.9801206711517197,1.257174522609609,2.6494747763236734e-11,11.184504696451862
4000,0.02000000000000147,ALL:ORIGINAL_PARENT_DEPTH_GROUP_2,12288,0.0033760203577481458,0.00035615082644847336,87190.20980437894,1.0000217027327964,1.0057810193148757,2.3098876256962233e-10,1.1538474783542951
4000,0.02000000000000147,ALL:ORIGINAL_PARENT_DEPTH_GROUP_3,12288,0.0006776636752805846,0.0001336905671687278,88372.45683394035,1.0001222930462657,1.0019875850446391,4.1604528838876666e-10,1.0615407446802625
4000,0.02000000000000147,ALL:ORIGINAL_PARENT_DEPTH_GROUP_4,12288,0.009988951020846735,0.00015998083213359125,71679.07208650376,1.0000101387312517,1.000914100827092,7.436211722658954e-10,1.0348652458866014
4000,0.02000000000000147,NEAR_OWN_FIRST_DELETE_COLUMNS:ORIGINAL_PARENT_DEPTH_GROUP_1,144,0.4600903042699822,0.07444194071970861,434043.83610694687,0.9801206711517197,1.257174522609609,2.6494747763236734e-11,11.184504696451862
4000,0.02000000000000147,NEAR_OWN_FIRST_DELETE_COLUMNS:ORIGINAL_PARENT_DEPTH_GROUP_2,144,0.002970053574855454,0.0008312767991607876,78530.07327641913,1.0020327649653589,1.0057810193148757,2.3136769782113636e-10,1.0610420627436383
4000,0.02000000000000147,NEAR_OWN_FIRST_DELETE_COLUMNS:ORIGINAL_PARENT_DEPTH_GROUP_3,144,0.0002510770301953641,9.398994679868169e-05,88372.45683394035,1.0008967181796784,1.0019875850446391,4.1696859143156947e-10,1.0096716307575815
4000,0.02000000000000147,NEAR_OWN_FIRST_DELETE_COLUMNS:ORIGINAL_PARENT_DEPTH_GROUP_4,144,0.000170983359977898,7.943496137837846e-05,54128.75823130238,1.000010192193589,1.0008641726853837,7.441909333237094e-10,1.0095943011695816
4000,0.02000000000000147,FAR_FROM_OWN_FIRST_DELETE_COLUMNS:ORIGINAL_PARENT_DEPTH_GROUP_1,12144,0.05675341477146432,0.0015025632260328731,477246.8326033999,0.9991400968103666,1.0124309591600404,1.1100065081560287e-10,1.5122154753757304
4000,0.02000000000000147,FAR_FROM_OWN_FIRST_DELETE_COLUMNS:ORIGINAL_PARENT_DEPTH_GROUP_2,12144,0.0033760203577481458,0.00034663173103860386,87190.20980437894,1.0000217027327964,1.0053860766373002,2.3098876256962233e-10,1.1538474783542951
4000,0.02000000000000147,FAR_FROM_OWN_FIRST_DELETE_COLUMNS:ORIGINAL_PARENT_DEPTH_GROUP_3,12144,0.0006776636752805846,0.00013409082836526444,87111.54530857185,1.0001222930462657,1.0019705809722461,4.1604528838876666e-10,1.0615407446802625
4000,0.02000000000000147,FAR_FROM_OWN_FIRST_DELETE_COLUMNS:ORIGINAL_PARENT_DEPTH_GROUP_4,12144,0.009988951020846735,0.0001606939019724036,71679.07208650376,1.0000101387312517,1.000914100827092,7.436211722658954e-10,1.0348652458866014
