case,native_quantity,availability,max_abs_N_mm,Estar_N_mm,max_abs_over_Estar,gate_5pct,peak_native_history_index,peak_native_time_s,peak_actual_strain,first_crossing_native_indices,first_crossing_native_time_s,first_crossing_actual_strain
R1,ALLAE,NATIVE,1.3886338479096594e-07,1.3448725912222132e-06,0.10325393327019002,FAIL,19997,4.999250086257234e-05,0.019999999494757503,"[6946, 6947]","[1.7365002349833958e-05, 1.736750164127443e-05]","[0.004619843821274117, 0.004621385232894681]"
R1,PDMS:ALLAE,NATIVE,1.3861931336123234e-07,1.3448725912222132e-06,0.10307245033171197,FAIL,19997,4.999250086257234e-05,0.019999999494757503,"[6948, 6949]","[1.7370002751704305e-05, 1.7372502043144777e-05]","[0.004622927008313127, 0.004624469147529453]"
R1,ALLDC,NATIVE,0.0,1.3448725912222132e-06,0.0,PASS,0,0.0,0.0,,,
R1,PDMS:ALLDC,NATIVE,0.0,1.3448725912222132e-06,0.0,PASS,0,0.0,0.0,,,
R1,ITO:ALLDC,UNAVAILABLE_NOT_ZERO,,1.3448725912222132e-06,,,,,,,,
R1,ALLVD,NATIVE,4.233588768443042e-08,1.3448725912222132e-06,0.031479478398734995,PASS,20000,4.999999873689376e-05,0.019999999494757503,,,
R1,PDMS:ALLVD,NATIVE,1.0026671048990465e-08,1.3448725912222132e-06,0.007455480254734226,PASS,20000,4.999999873689376e-05,0.019999999494757503,,,
FL1,ALLAE,NATIVE,1.4644942325503507e-07,1.4005805241001246e-06,0.10456337264087623,FAIL,19979,4.9947502702707425e-05,0.019999999494757503,"[6586, 6587]","[1.6465004591736943e-05, 1.6467503883177415e-05]","[0.004078754136571661, 0.004080217695445754]"
FL1,PDMS:ALLAE,NATIVE,1.4623222455156792e-07,1.4005805241001246e-06,0.10440829501432798,FAIL,19979,4.9947502702707425e-05,0.019999999494757503,"[6589, 6590]","[1.6472504285047762e-05, 1.6475003576488234e-05]","[0.00408314517699182, 0.004084609463461675]"
FL1,ALLDC,NATIVE,0.0,1.4005805241001246e-06,0.0,PASS,0,0.0,0.0,,,
FL1,PDMS:ALLDC,NATIVE,0.0,1.4005805241001246e-06,0.0,PASS,0,0.0,0.0,,,
FL1,ITO:ALLDC,UNAVAILABLE_NOT_ZERO,,1.4005805241001246e-06,,,,,,,,
FL1,ALLVD,NATIVE,4.295387512343041e-08,1.4005805241001246e-06,0.030668622320753992,PASS,20000,4.999999873689376e-05,0.019999999494757503,,,
FL1,PDMS:ALLVD,NATIVE,7.278496028106929e-09,1.4005805241001246e-06,0.005196770840993505,PASS,20000,4.999999873689376e-05,0.019999999494757503,,,
