case,R1_native_selected_frame,actual_strain,group,original_parent_count,U_parent_max,U_parent_rms,U_parent_p95,V_parent_max_per_s,native_frame_bracket,scalar_metric_weight_right,normalization,interpolation
R1,0,0.0,ALL:ORIGINAL_PARENT_DEPTH_GROUP_1,6144,0.0,0.0,0.0,0.0,"[0, 0]",0.0,ORIGINAL_PARENT_DIAGONAL,NONE_NATIVE_R1
R1,0,0.0,ALL:ORIGINAL_PARENT_DEPTH_GROUP_2,6144,0.0,0.0,0.0,0.0,"[0, 0]",0.0,ORIGINAL_PARENT_DIAGONAL,NONE_NATIVE_R1
R1,0,0.0,ALL:ORIGINAL_PARENT_DEPTH_GROUP_3,6144,0.0,0.0,0.0,0.0,"[0, 0]",0.0,ORIGINAL_PARENT_DIAGONAL,NONE_NATIVE_R1
R1,0,0.0,ALL:ORIGINAL_PARENT_DEPTH_GROUP_4,6144,0.0,0.0,0.0,0.0,"[0, 0]",0.0,ORIGINAL_PARENT_DIAGONAL,NONE_NATIVE_R1
R1,0,0.0,NEAR_OWN_FIRST_DELETE_COLUMNS:ORIGINAL_PARENT_DEPTH_GROUP_1,72,0.0,0.0,0.0,0.0,"[0, 0]",0.0,ORIGINAL_PARENT_DIAGONAL,NONE_NATIVE_R1
R1,0,0.0,NEAR_OWN_FIRST_DELETE_COLUMNS:ORIGINAL_PARENT_DEPTH_GROUP_2,72,0.0,0.0,0.0,0.0,"[0, 0]",0.0,ORIGINAL_PARENT_DIAGONAL,NONE_NATIVE_R1
R1,0,0.0,NEAR_OWN_FIRST_DELETE_COLUMNS:ORIGINAL_PARENT_DEPTH_GROUP_3,72,0.0,0.0,0.0,0.0,"[0, 0]",0.0,ORIGINAL_PARENT_DIAGONAL,NONE_NATIVE_R1
R1,0,0.0,NEAR_OWN_FIRST_DELETE_COLUMNS:ORIGINAL_PARENT_DEPTH_GROUP_4,72,0.0,0.0,0.0,0.0,"[0, 0]",0.0,ORIGINAL_PARENT_DIAGONAL,NONE_NATIVE_R1
R1,0,0.0,FAR_FROM_OWN_FIRST_DELETE_COLUMNS:ORIGINAL_PARENT_DEPTH_GROUP_1,6072,0.0,0.0,0.0,0.0,"[0, 0]",0.0,ORIGINAL_PARENT_DIAGONAL,NONE_NATIVE_R1
R1,0,0.0,FAR_FROM_OWN_FIRST_DELETE_COLUMNS:ORIGINAL_PARENT_DEPTH_GROUP_2,6072,0.0,0.0,0.0,0.0,"[0, 0]",0.0,ORIGINAL_PARENT_DIAGONAL,NONE_NATIVE_R1
R1,0,0.0,FAR_FROM_OWN_FIRST_DELETE_COLUMNS:ORIGINAL_PARENT_DEPTH_GROUP_3,6072,0.0,0.0,0.0,0.0,"[0, 0]",0.0,ORIGINAL_PARENT_DIAGONAL,NONE_NATIVE_R1
R1,0,0.0,FAR_FROM_OWN_FIRST_DELETE_COLUMNS:ORIGINAL_PARENT_DEPTH_GROUP_4,6072,0.0,0.0,0.0,0.0,"[0, 0]",0.0,ORIGINAL_PARENT_DIAGONAL,NONE_NATIVE_R1
FL1,0,0.0,ALL:ORIGINAL_PARENT_DEPTH_GROUP_1,6144,0.0,0.0,0.0,0.0,"[0, 0]",0.0,ORIGINAL_PARENT_DIAGONAL,SCALAR_PARENT_METRICS_ONLY_NO_NODAL_FIELD_INTERPOLATION
FL1,0,0.0,ALL:ORIGINAL_PARENT_DEPTH_GROUP_2,6144,0.0,0.0,0.0,0.0,"[0, 0]",0.0,ORIGINAL_PARENT_DIAGONAL,SCALAR_PARENT_METRICS_ONLY_NO_NODAL_FIELD_INTERPOLATION
FL1,0,0.0,ALL:ORIGINAL_PARENT_DEPTH_GROUP_3,6144,0.0,0.0,0.0,0.0,"[0, 0]",0.0,ORIGINAL_PARENT_DIAGONAL,SCALAR_PARENT_METRICS_ONLY_NO_NODAL_FIELD_INTERPOLATION
FL1,0,0.0,ALL:ORIGINAL_PARENT_DEPTH_GROUP_4,6144,0.0,0.0,0.0,0.0,"[0, 0]",0.0,ORIGINAL_PARENT_DIAGONAL,SCALAR_PARENT_METRICS_ONLY_NO_NODAL_FIELD_INTERPOLATION
FL1,0,0.0,NEAR_OWN_FIRST_DELETE_COLUMNS:ORIGINAL_PARENT_DEPTH_GROUP_1,72,0.0,0.0,0.0,0.0,"[0, 0]",0.0,ORIGINAL_PARENT_DIAGONAL,SCALAR_PARENT_METRICS_ONLY_NO_NODAL_FIELD_INTERPOLATION
FL1,0,0.0,NEAR_OWN_FIRST_DELETE_COLUMNS:ORIGINAL_PARENT_DEPTH_GROUP_2,72,0.0,0.0,0.0,0.0,"[0, 0]",0.0,ORIGINAL_PARENT_DIAGONAL,SCALAR_PARENT_METRICS_ONLY_NO_NODAL_FIELD_INTERPOLATION
FL1,0,0.0,NEAR_OWN_FIRST_DELETE_COLUMNS:ORIGINAL_PARENT_DEPTH_GROUP_3,72,0.0,0.0,0.0,0.0,"[0, 0]",0.0,ORIGINAL_PARENT_DIAGONAL,SCALAR_PARENT_METRICS_ONLY_NO_NODAL_FIELD_INTERPOLATION
FL1,0,0.0,NEAR_OWN_FIRST_DELETE_COLUMNS:ORIGINAL_PARENT_DEPTH_GROUP_4,72,0.0,0.0,0.0,0.0,"[0, 0]",0.0,ORIGINAL_PARENT_DIAGONAL,SCALAR_PARENT_METRICS_ONLY_NO_NODAL_FIELD_INTERPOLATION
FL1,0,0.0,FAR_FROM_OWN_FIRST_DELETE_COLUMNS:ORIGINAL_PARENT_DEPTH_GROUP_1,6072,0.0,0.0,0.0,0.0,"[0, 0]",0.0,ORIGINAL_PARENT_DIAGONAL,SCALAR_PARENT_METRICS_ONLY_NO_NODAL_FIELD_INTERPOLATION
FL1,0,0.0,FAR_FROM_OWN_FIRST_DELETE_COLUMNS:ORIGINAL_PARENT_DEPTH_GROUP_2,6072,0.0,0.0,0.0,0.0,"[0, 0]",0.0,ORIGINAL_PARENT_DIAGONAL,SCALAR_PARENT_METRICS_ONLY_NO_NODAL_FIELD_INTERPOLATION
FL1,0,0.0,FAR_FROM_OWN_FIRST_DELETE_COLUMNS:ORIGINAL_PARENT_DEPTH_GROUP_3,6072,0.0,0.0,0.0,0.0,"[0, 0]",0.0,ORIGINAL_PARENT_DIAGONAL,SCALAR_PARENT_METRICS_ONLY_NO_NODAL_FIELD_INTERPOLATION
FL1,0,0.0,FAR_FROM_OWN_FIRST_DELETE_COLUMNS:ORIGINAL_PARENT_DEPTH_GROUP_4,6072,0.0,0.0,0.0,0.0,"[0, 0]",0.0,ORIGINAL_PARENT_DIAGONAL,SCALAR_PARENT_METRICS_ONLY_NO_NODAL_FIELD_INTERPOLATION
R1,1057,0.0023822427619997906,ALL:ORIGINAL_PARENT_DEPTH_GROUP_1,6144,8.60902383532202e-09,3.182582200833098e-09,7.003423218495615e-09,0.0017893365722423448,"[1057, 1057]",0.0,ORIGINAL_PARENT_DIAGONAL,NONE_NATIVE_R1
R1,1057,0.0023822427619997906,ALL:ORIGINAL_PARENT_DEPTH_GROUP_2,6144,6.9520246675576864e-09,3.038861177221298e-09,6.17409930577281e-09,0.0013831383932741978,"[1057, 1057]",0.0,ORIGINAL_PARENT_DIAGONAL,NONE_NATIVE_R1
R1,1057,0.0023822427619997906,ALL:ORIGINAL_PARENT_DEPTH_GROUP_3,6144,1.024939051288447e-08,3.5192258573567628e-09,7.357550516147575e-09,0.002143844933810835,"[1057, 1057]",0.0,ORIGINAL_PARENT_DIAGONAL,NONE_NATIVE_R1
R1,1057,0.0023822427619997906,ALL:ORIGINAL_PARENT_DEPTH_GROUP_4,6144,9.936983024829893e-06,1.9100577468367222e-07,2.6860581365281983e-08,1.9567675824900217,"[1057, 1057]",0.0,ORIGINAL_PARENT_DIAGONAL,NONE_NATIVE_R1
R1,1057,0.0023822427619997906,NEAR_OWN_FIRST_DELETE_COLUMNS:ORIGINAL_PARENT_DEPTH_GROUP_1,72,3.935529021178868e-09,3.470197871661846e-09,3.823302823844213e-09,0.0007964058002308392,"[1057, 1057]",0.0,ORIGINAL_PARENT_DIAGONAL,NONE_NATIVE_R1
R1,1057,0.0023822427619997906,NEAR_OWN_FIRST_DELETE_COLUMNS:ORIGINAL_PARENT_DEPTH_GROUP_2,72,4.784569506469913e-09,4.1024050268700235e-09,4.62002580959398e-09,0.000956658741642445,"[1057, 1057]",0.0,ORIGINAL_PARENT_DIAGONAL,NONE_NATIVE_R1
R1,1057,0.0023822427619997906,NEAR_OWN_FIRST_DELETE_COLUMNS:ORIGINAL_PARENT_DEPTH_GROUP_3,72,8.033758668555879e-09,6.019847621571598e-09,7.530554477296066e-09,0.0018229328237666603,"[1057, 1057]",0.0,ORIGINAL_PARENT_DIAGONAL,NONE_NATIVE_R1
R1,1057,0.0023822427619997906,NEAR_OWN_FIRST_DELETE_COLUMNS:ORIGINAL_PARENT_DEPTH_GROUP_4,72,1.465874088532783e-08,7.931865126656103e-09,1.2799656650000818e-08,0.0030902976687170723,"[1057, 1057]",0.0,ORIGINAL_PARENT_DIAGONAL,NONE_NATIVE_R1
R1,1057,0.0023822427619997906,FAR_FROM_OWN_FIRST_DELETE_COLUMNS:ORIGINAL_PARENT_DEPTH_GROUP_1,6072,8.60902383532202e-09,3.179015635082976e-09,7.00977320392343e-09,0.0017893365722423448,"[1057, 1057]",0.0,ORIGINAL_PARENT_DIAGONAL,NONE_NATIVE_R1
R1,1057,0.0023822427619997906,FAR_FROM_OWN_FIRST_DELETE_COLUMNS:ORIGINAL_PARENT_DEPTH_GROUP_2,6072,6.9520246675576864e-09,3.024006841256073e-09,6.1779503208190795e-09,0.0013831383932741978,"[1057, 1057]",0.0,ORIGINAL_PARENT_DIAGONAL,NONE_NATIVE_R1
R1,1057,0.0023822427619997906,FAR_FROM_OWN_FIRST_DELETE_COLUMNS:ORIGINAL_PARENT_DEPTH_GROUP_3,6072,1.024939051288447e-08,3.4788074750275525e-09,7.352757454667191e-09,0.002143844933810835,"[1057, 1057]",0.0,ORIGINAL_PARENT_DIAGONAL,NONE_NATIVE_R1
R1,1057,0.0023822427619997906,FAR_FROM_OWN_FIRST_DELETE_COLUMNS:ORIGINAL_PARENT_DEPTH_GROUP_4,6072,9.936983024829893e-06,1.9213294128358614e-07,2.6957047659600815e-08,1.9567675824900217,"[1057, 1057]",0.0,ORIGINAL_PARENT_DIAGONAL,NONE_NATIVE_R1
FL1,1057,0.0023822427619997906,ALL:ORIGINAL_PARENT_DEPTH_GROUP_1,6144,8.977891668539641e-09,3.310165883073749e-09,7.308388861796295e-09,0.0017487837043850191,"[1056, 1057]",0.9999999999072312,ORIGINAL_PARENT_DIAGONAL,SCALAR_PARENT_METRICS_ONLY_NO_NODAL_FIELD_INTERPOLATION
FL1,1057,0.0023822427619997906,ALL:ORIGINAL_PARENT_DEPTH_GROUP_2,6144,7.270471611034615e-09,3.1660900106113295e-09,6.493393851449056e-09,0.0013310951670917946,"[1056, 1057]",0.9999999999072312,ORIGINAL_PARENT_DIAGONAL,SCALAR_PARENT_METRICS_ONLY_NO_NODAL_FIELD_INTERPOLATION
FL1,1057,0.0023822427619997906,ALL:ORIGINAL_PARENT_DEPTH_GROUP_3,6144,5.748354311873147e-08,5.085128224133264e-09,8.706322948776186e-09,0.010213014046605138,"[1056, 1057]",0.9999999999072312,ORIGINAL_PARENT_DIAGONAL,SCALAR_PARENT_METRICS_ONLY_NO_NODAL_FIELD_INTERPOLATION
FL1,1057,0.0023822427619997906,ALL:ORIGINAL_PARENT_DEPTH_GROUP_4,6144,1.524343807622229e-05,3.478751533180604e-07,5.1817635750880004e-08,2.6881322462663912,"[1056, 1057]",0.9999999999072312,ORIGINAL_PARENT_DIAGONAL,SCALAR_PARENT_METRICS_ONLY_NO_NODAL_FIELD_INTERPOLATION
FL1,1057,0.0023822427619997906,NEAR_OWN_FIRST_DELETE_COLUMNS:ORIGINAL_PARENT_DEPTH_GROUP_1,72,3.935598974231201e-09,3.4779544303345822e-09,3.847147460493776e-09,0.0007168744433991731,"[1056, 1057]",0.9999999999072312,ORIGINAL_PARENT_DIAGONAL,SCALAR_PARENT_METRICS_ONLY_NO_NODAL_FIELD_INTERPOLATION
FL1,1057,0.0023822427619997906,NEAR_OWN_FIRST_DELETE_COLUMNS:ORIGINAL_PARENT_DEPTH_GROUP_2,72,4.9453063985182985e-09,4.199926603359454e-09,4.76937578169969e-09,0.0008833014764353639,"[1056, 1057]",0.9999999999072312,ORIGINAL_PARENT_DIAGONAL,SCALAR_PARENT_METRICS_ONLY_NO_NODAL_FIELD_INTERPOLATION
FL1,1057,0.0023822427619997906,NEAR_OWN_FIRST_DELETE_COLUMNS:ORIGINAL_PARENT_DEPTH_GROUP_3,72,8.319486798537293e-09,6.243136743624465e-09,7.797906308103901e-09,0.0016614767291555017,"[1056, 1057]",0.9999999999072312,ORIGINAL_PARENT_DIAGONAL,SCALAR_PARENT_METRICS_ONLY_NO_NODAL_FIELD_INTERPOLATION
FL1,1057,0.0023822427619997906,NEAR_OWN_FIRST_DELETE_COLUMNS:ORIGINAL_PARENT_DEPTH_GROUP_4,72,1.5014949354286234e-08,8.032935784772994e-09,1.3132201908684996e-08,0.002722244735287653,"[1056, 1057]",0.9999999999072312,ORIGINAL_PARENT_DIAGONAL,SCALAR_PARENT_METRICS_ONLY_NO_NODAL_FIELD_INTERPOLATION
FL1,1057,0.0023822427619997906,FAR_FROM_OWN_FIRST_DELETE_COLUMNS:ORIGINAL_PARENT_DEPTH_GROUP_1,6072,8.977891668539641e-09,3.3081252415872137e-09,7.313264565642011e-09,0.0017487837043850191,"[1056, 1057]",0.9999999999072312,ORIGINAL_PARENT_DIAGONAL,SCALAR_PARENT_METRICS_ONLY_NO_NODAL_FIELD_INTERPOLATION
FL1,1057,0.0023822427619997906,FAR_FROM_OWN_FIRST_DELETE_COLUMNS:ORIGINAL_PARENT_DEPTH_GROUP_2,6072,7.270471611034615e-09,3.1517973378737822e-09,6.500855076069157e-09,0.0013310951670917946,"[1056, 1057]",0.9999999999072312,ORIGINAL_PARENT_DIAGONAL,SCALAR_PARENT_METRICS_ONLY_NO_NODAL_FIELD_INTERPOLATION
FL1,1057,0.0023822427619997906,FAR_FROM_OWN_FIRST_DELETE_COLUMNS:ORIGINAL_PARENT_DEPTH_GROUP_3,6072,5.748354311873147e-08,5.069810346846003e-09,8.727076209769505e-09,0.010213014046605138,"[1056, 1057]",0.9999999999072312,ORIGINAL_PARENT_DIAGONAL,SCALAR_PARENT_METRICS_ONLY_NO_NODAL_FIELD_INTERPOLATION
FL1,1057,0.0023822427619997906,FAR_FROM_OWN_FIRST_DELETE_COLUMNS:ORIGINAL_PARENT_DEPTH_GROUP_4,6072,1.524343807622229e-05,3.499304827835214e-07,5.241670765469174e-08,2.6881322462663912,"[1056, 1057]",0.9999999999072312,ORIGINAL_PARENT_DIAGONAL,SCALAR_PARENT_METRICS_ONLY_NO_NODAL_FIELD_INTERPOLATION
R1,1058,0.0023879182714846886,ALL:ORIGINAL_PARENT_DEPTH_GROUP_1,6144,8.806068614281915e-05,1.9026917476281512e-06,4.2580631687238496e-07,26662.11556760264,"[1058, 1058]",0.0,ORIGINAL_PARENT_DIAGONAL,NONE_NATIVE_R1
R1,1058,0.0023879182714846886,ALL:ORIGINAL_PARENT_DEPTH_GROUP_2,6144,4.5864928273617216e-08,6.255321197264713e-09,1.1958309183143546e-08,29.16199048680279,"[1058, 1058]",0.0,ORIGINAL_PARENT_DIAGONAL,NONE_NATIVE_R1
R1,1058,0.0023879182714846886,ALL:ORIGINAL_PARENT_DEPTH_GROUP_3,6144,1.0274969764897505e-08,3.5259387874879957e-09,7.370944571144208e-09,1.14064991056059,"[1058, 1058]",0.0,ORIGINAL_PARENT_DIAGONAL,NONE_NATIVE_R1
R1,1058,0.0023879182714846886,ALL:ORIGINAL_PARENT_DEPTH_GROUP_4,6144,9.961518590429217e-06,1.9147730984421087e-07,2.6926729992399057e-08,1.9670168800563432,"[1058, 1058]",0.0,ORIGINAL_PARENT_DIAGONAL,NONE_NATIVE_R1
R1,1058,0.0023879182714846886,NEAR_OWN_FIRST_DELETE_COLUMNS:ORIGINAL_PARENT_DEPTH_GROUP_1,72,8.806068614281915e-05,1.1378837761793323e-05,1.534430309820228e-05,26662.11556760264,"[1058, 1058]",0.0,ORIGINAL_PARENT_DIAGONAL,NONE_NATIVE_R1
R1,1058,0.0023879182714846886,NEAR_OWN_FIRST_DELETE_COLUMNS:ORIGINAL_PARENT_DEPTH_GROUP_2,72,3.638875173300649e-08,1.4409250267872693e-08,3.457362737140181e-08,25.041453617463706,"[1058, 1058]",0.0,ORIGINAL_PARENT_DIAGONAL,NONE_NATIVE_R1
R1,1058,0.0023879182714846886,NEAR_OWN_FIRST_DELETE_COLUMNS:ORIGINAL_PARENT_DEPTH_GROUP_3,72,8.05596340131418e-09,6.021432981547512e-09,7.551314581889339e-09,0.49380136092214316,"[1058, 1058]",0.0,ORIGINAL_PARENT_DIAGONAL,NONE_NATIVE_R1
R1,1058,0.0023879182714846886,NEAR_OWN_FIRST_DELETE_COLUMNS:ORIGINAL_PARENT_DEPTH_GROUP_4,72,1.4697287738573573e-08,7.95394533830485e-09,1.2833650197712869e-08,0.003095263902277549,"[1058, 1058]",0.0,ORIGINAL_PARENT_DIAGONAL,NONE_NATIVE_R1
R1,1058,0.0023879182714846886,FAR_FROM_OWN_FIRST_DELETE_COLUMNS:ORIGINAL_PARENT_DEPTH_GROUP_1,6072,8.606043272396225e-05,1.4587158526567178e-06,3.9533470107352906e-07,25010.995821934193,"[1058, 1058]",0.0,ORIGINAL_PARENT_DIAGONAL,NONE_NATIVE_R1
R1,1058,0.0023879182714846886,FAR_FROM_OWN_FIRST_DELETE_COLUMNS:ORIGINAL_PARENT_DEPTH_GROUP_2,6072,4.5864928273617216e-08,6.093525236074244e-09,1.161594997353849e-08,29.16199048680279,"[1058, 1058]",0.0,ORIGINAL_PARENT_DIAGONAL,NONE_NATIVE_R1
R1,1058,0.0023879182714846886,FAR_FROM_OWN_FIRST_DELETE_COLUMNS:ORIGINAL_PARENT_DEPTH_GROUP_3,6072,1.0274969764897505e-08,3.4856462213379973e-09,7.3657998746554e-09,1.14064991056059,"[1058, 1058]",0.0,ORIGINAL_PARENT_DIAGONAL,NONE_NATIVE_R1
R1,1058,0.0023879182714846886,FAR_FROM_OWN_FIRST_DELETE_COLUMNS:ORIGINAL_PARENT_DEPTH_GROUP_4,6072,9.961518590429217e-06,1.9260725785217648e-07,2.7025639129010143e-08,1.9670168800563432,"[1058, 1058]",0.0,ORIGINAL_PARENT_DIAGONAL,NONE_NATIVE_R1
FL1,1058,0.0023879182714846886,ALL:ORIGINAL_PARENT_DEPTH_GROUP_1,6144,0.00011570435171061433,3.0482932717086137e-06,1.1365119521289296e-06,34054.8522522158,"[1057, 1058]",0.9999998399296816,ORIGINAL_PARENT_DIAGONAL,SCALAR_PARENT_METRICS_ONLY_NO_NODAL_FIELD_INTERPOLATION
FL1,1058,0.0023879182714846886,ALL:ORIGINAL_PARENT_DEPTH_GROUP_2,6144,2.0553437232356843e-07,1.5729068517418566e-08,2.1626829842838563e-08,111.64559780092831,"[1057, 1058]",0.9999998399296816,ORIGINAL_PARENT_DIAGONAL,SCALAR_PARENT_METRICS_ONLY_NO_NODAL_FIELD_INTERPOLATION
FL1,1058,0.0023879182714846886,ALL:ORIGINAL_PARENT_DEPTH_GROUP_3,6144,5.76105363737906e-08,5.094986188566235e-09,8.726091922102785e-09,1.2769578276520317,"[1057, 1058]",0.9999998399296816,ORIGINAL_PARENT_DIAGONAL,SCALAR_PARENT_METRICS_ONLY_NO_NODAL_FIELD_INTERPOLATION
FL1,1058,0.0023879182714846886,ALL:ORIGINAL_PARENT_DEPTH_GROUP_4,6144,1.5276892407362e-05,3.4864234965029904e-07,5.1933244744569586e-08,2.661753565587535,"[1057, 1058]",0.9999998399296816,ORIGINAL_PARENT_DIAGONAL,SCALAR_PARENT_METRICS_ONLY_NO_NODAL_FIELD_INTERPOLATION
FL1,1058,0.0023879182714846886,NEAR_OWN_FIRST_DELETE_COLUMNS:ORIGINAL_PARENT_DEPTH_GROUP_1,72,0.00011570435171061433,1.842895748997161e-05,4.078386611144259e-05,34054.8522522158,"[1057, 1058]",0.9999998399296816,ORIGINAL_PARENT_DIAGONAL,SCALAR_PARENT_METRICS_ONLY_NO_NODAL_FIELD_INTERPOLATION
FL1,1058,0.0023879182714846886,NEAR_OWN_FIRST_DELETE_COLUMNS:ORIGINAL_PARENT_DEPTH_GROUP_2,72,2.0391523438370504e-07,6.561027892533472e-08,1.4543225479802277e-07,111.64559780092831,"[1057, 1058]",0.9999998399296816,ORIGINAL_PARENT_DIAGONAL,SCALAR_PARENT_METRICS_ONLY_NO_NODAL_FIELD_INTERPOLATION
FL1,1058,0.0023879182714846886,NEAR_OWN_FIRST_DELETE_COLUMNS:ORIGINAL_PARENT_DEPTH_GROUP_3,72,8.338941039296471e-09,6.2317759460926136e-09,7.817032255840516e-09,1.2526188417756312,"[1057, 1058]",0.9999998399296816,ORIGINAL_PARENT_DIAGONAL,SCALAR_PARENT_METRICS_ONLY_NO_NODAL_FIELD_INTERPOLATION
FL1,1058,0.0023879182714846886,NEAR_OWN_FIRST_DELETE_COLUMNS:ORIGINAL_PARENT_DEPTH_GROUP_4,72,1.504870339920728e-08,8.052399650423651e-09,1.3162120500711358e-08,0.0033309648083681255,"[1057, 1058]",0.9999998399296816,ORIGINAL_PARENT_DIAGONAL,SCALAR_PARENT_METRICS_ONLY_NO_NODAL_FIELD_INTERPOLATION
FL1,1058,0.0023879182714846886,FAR_FROM_OWN_FIRST_DELETE_COLUMNS:ORIGINAL_PARENT_DEPTH_GROUP_1,6072,0.00011488752013756027,2.318422606991823e-06,9.915094733249914e-07,33728.01996038441,"[1057, 1058]",0.9999998399296816,ORIGINAL_PARENT_DIAGONAL,SCALAR_PARENT_METRICS_ONLY_NO_NODAL_FIELD_INTERPOLATION
FL1,1058,0.0023879182714846886,FAR_FROM_OWN_FIRST_DELETE_COLUMNS:ORIGINAL_PARENT_DEPTH_GROUP_2,6072,2.0553437232356843e-07,1.4117126450566536e-08,1.929194882467251e-08,111.38294456539339,"[1057, 1058]",0.9999998399296816,ORIGINAL_PARENT_DIAGONAL,SCALAR_PARENT_METRICS_ONLY_NO_NODAL_FIELD_INTERPOLATION
FL1,1058,0.0023879182714846886,FAR_FROM_OWN_FIRST_DELETE_COLUMNS:ORIGINAL_PARENT_DEPTH_GROUP_3,6072,5.76105363737906e-08,5.079980578167474e-09,8.747540698869038e-09,1.2769578276520317,"[1057, 1058]",0.9999998399296816,ORIGINAL_PARENT_DIAGONAL,SCALAR_PARENT_METRICS_ONLY_NO_NODAL_FIELD_INTERPOLATION
FL1,1058,0.0023879182714846886,FAR_FROM_OWN_FIRST_DELETE_COLUMNS:ORIGINAL_PARENT_DEPTH_GROUP_4,6072,1.5276892407362e-05,3.507022114189508e-07,5.253260615862458e-08,2.661753565587535,"[1057, 1058]",0.9999998399296816,ORIGINAL_PARENT_DIAGONAL,SCALAR_PARENT_METRICS_ONLY_NO_NODAL_FIELD_INTERPOLATION
R1,1060,0.0023992847122015536,ALL:ORIGINAL_PARENT_DEPTH_GROUP_1,6144,0.14482317307411996,0.002017779083034826,0.00014142973305009463,41408471.97483326,"[1060, 1060]",0.0,ORIGINAL_PARENT_DIAGONAL,NONE_NATIVE_R1
R1,1060,0.0023992847122015536,ALL:ORIGINAL_PARENT_DEPTH_GROUP_2,6144,0.000141326630968216,1.1566509182277026e-05,1.4510739867769007e-05,41115.46986844698,"[1060, 1060]",0.0,ORIGINAL_PARENT_DIAGONAL,NONE_NATIVE_R1
R1,1060,0.0023992847122015536,ALL:ORIGINAL_PARENT_DEPTH_GROUP_3,6144,5.612490887066547e-06,7.674792374033986e-07,1.526110485731372e-06,1649.8316714671414,"[1060, 1060]",0.0,ORIGINAL_PARENT_DIAGONAL,NONE_NATIVE_R1
R1,1060,0.0023992847122015536,ALL:ORIGINAL_PARENT_DEPTH_GROUP_4,6144,1.0461020590865527e-05,2.039480368208537e-07,1.0368028503927988e-07,180.806691998137,"[1060, 1060]",0.0,ORIGINAL_PARENT_DIAGONAL,NONE_NATIVE_R1
R1,1060,0.0023992847122015536,NEAR_OWN_FIRST_DELETE_COLUMNS:ORIGINAL_PARENT_DEPTH_GROUP_1,72,0.14482317307411996,0.018557528664227108,0.021488100778534087,41408471.97483326,"[1060, 1060]",0.0,ORIGINAL_PARENT_DIAGONAL,NONE_NATIVE_R1
R1,1060,0.0023992847122015536,NEAR_OWN_FIRST_DELETE_COLUMNS:ORIGINAL_PARENT_DEPTH_GROUP_2,72,0.000141326630968216,6.171464423996378e-05,0.00013808451005760562,41115.46986844698,"[1060, 1060]",0.0,ORIGINAL_PARENT_DIAGONAL,NONE_NATIVE_R1
R1,1060,0.0023992847122015536,NEAR_OWN_FIRST_DELETE_COLUMNS:ORIGINAL_PARENT_DEPTH_GROUP_3,72,5.612490887066547e-06,2.5195227775107576e-06,5.608320039302331e-06,1649.8316714671414,"[1060, 1060]",0.0,ORIGINAL_PARENT_DIAGONAL,NONE_NATIVE_R1
R1,1060,0.0023992847122015536,NEAR_OWN_FIRST_DELETE_COLUMNS:ORIGINAL_PARENT_DEPTH_GROUP_4,72,1.9211398018127826e-07,7.930358247110142e-08,1.8959933636498904e-07,60.727273427997424,"[1060, 1060]",0.0,ORIGINAL_PARENT_DIAGONAL,NONE_NATIVE_R1
R1,1060,0.0023992847122015536,FAR_FROM_OWN_FIRST_DELETE_COLUMNS:ORIGINAL_PARENT_DEPTH_GROUP_1,6072,0.00698874103867325,0.00019008102266609807,0.0001260860813415013,1833745.924775871,"[1060, 1060]",0.0,ORIGINAL_PARENT_DIAGONAL,NONE_NATIVE_R1
R1,1060,0.0023992847122015536,FAR_FROM_OWN_FIRST_DELETE_COLUMNS:ORIGINAL_PARENT_DEPTH_GROUP_2,6072,0.00013604701631687353,9.497793905054442e-06,1.1862027716929049e-05,39760.28785360613,"[1060, 1060]",0.0,ORIGINAL_PARENT_DIAGONAL,NONE_NATIVE_R1
R1,1060,0.0023992847122015536,FAR_FROM_OWN_FIRST_DELETE_COLUMNS:ORIGINAL_PARENT_DEPTH_GROUP_3,6072,5.601602725547488e-06,7.216205307227041e-07,1.4861751024082971e-06,1644.6003253053009,"[1060, 1060]",0.0,ORIGINAL_PARENT_DIAGONAL,NONE_NATIVE_R1
R1,1060,0.0023992847122015536,FAR_FROM_OWN_FIRST_DELETE_COLUMNS:ORIGINAL_PARENT_DEPTH_GROUP_4,6072,1.0461020590865527e-05,2.0497181977843156e-07,1.0238195218726766e-07,180.806691998137,"[1060, 1060]",0.0,ORIGINAL_PARENT_DIAGONAL,NONE_NATIVE_R1
FL1,1060,0.0023992847122015536,ALL:ORIGINAL_PARENT_DEPTH_GROUP_1,6144,0.08954943447130441,0.0015056762581439251,0.00012879328215591545,23814257.770082824,"[1060, 1061]",2.755095256183107e-05,ORIGINAL_PARENT_DIAGONAL,SCALAR_PARENT_METRICS_ONLY_NO_NODAL_FIELD_INTERPOLATION
FL1,1060,0.0023992847122015536,ALL:ORIGINAL_PARENT_DEPTH_GROUP_2,6144,0.00023756336927082102,1.238423423823952e-05,7.216341963530804e-06,60977.15330067182,"[1060, 1061]",2.755095256183107e-05,ORIGINAL_PARENT_DIAGONAL,SCALAR_PARENT_METRICS_ONLY_NO_NODAL_FIELD_INTERPOLATION
FL1,1060,0.0023992847122015536,ALL:ORIGINAL_PARENT_DEPTH_GROUP_3,6144,5.102419168336666e-06,4.1879216577008744e-07,7.748117961922678e-07,1420.0830120867267,"[1060, 1061]",2.755095256183107e-05,ORIGINAL_PARENT_DIAGONAL,SCALAR_PARENT_METRICS_ONLY_NO_NODAL_FIELD_INTERPOLATION
FL1,1060,0.0023992847122015536,ALL:ORIGINAL_PARENT_DEPTH_GROUP_4,6144,1.5647374761944524e-05,3.5475088785646097e-07,8.054281226975509e-08,137.22382033090008,"[1060, 1061]",2.755095256183107e-05,ORIGINAL_PARENT_DIAGONAL,SCALAR_PARENT_METRICS_ONLY_NO_NODAL_FIELD_INTERPOLATION
FL1,1060,0.0023992847122015536,NEAR_OWN_FIRST_DELETE_COLUMNS:ORIGINAL_PARENT_DEPTH_GROUP_1,72,0.08954943447130441,0.013673687858747535,0.028269540062733762,23814257.770082824,"[1060, 1061]",2.755095256183107e-05,ORIGINAL_PARENT_DIAGONAL,SCALAR_PARENT_METRICS_ONLY_NO_NODAL_FIELD_INTERPOLATION
FL1,1060,0.0023992847122015536,NEAR_OWN_FIRST_DELETE_COLUMNS:ORIGINAL_PARENT_DEPTH_GROUP_2,72,0.00023756336927082102,7.424372465137715e-05,0.000163801561334226,60977.15330067182,"[1060, 1061]",2.755095256183107e-05,ORIGINAL_PARENT_DIAGONAL,SCALAR_PARENT_METRICS_ONLY_NO_NODAL_FIELD_INTERPOLATION
FL1,1060,0.0023992847122015536,NEAR_OWN_FIRST_DELETE_COLUMNS:ORIGINAL_PARENT_DEPTH_GROUP_3,72,5.102419168336666e-06,1.5595033289729885e-06,3.7395850919421043e-06,1420.0830120867267,"[1060, 1061]",2.755095256183107e-05,ORIGINAL_PARENT_DIAGONAL,SCALAR_PARENT_METRICS_ONLY_NO_NODAL_FIELD_INTERPOLATION
FL1,1060,0.0023992847122015536,NEAR_OWN_FIRST_DELETE_COLUMNS:ORIGINAL_PARENT_DEPTH_GROUP_4,72,1.275650428790424e-07,4.1965368096847064e-08,9.242097553981698e-08,38.626900018775224,"[1060, 1061]",2.755095256183107e-05,ORIGINAL_PARENT_DIAGONAL,SCALAR_PARENT_METRICS_ONLY_NO_NODAL_FIELD_INTERPOLATION
FL1,1060,0.0023992847122015536,FAR_FROM_OWN_FIRST_DELETE_COLUMNS:ORIGINAL_PARENT_DEPTH_GROUP_1,6072,0.006821872760047272,0.00027732770227210213,8.1891465510309e-05,1589612.1820626005,"[1060, 1061]",2.755095256183107e-05,ORIGINAL_PARENT_DIAGONAL,SCALAR_PARENT_METRICS_ONLY_NO_NODAL_FIELD_INTERPOLATION
FL1,1060,0.0023992847122015536,FAR_FROM_OWN_FIRST_DELETE_COLUMNS:ORIGINAL_PARENT_DEPTH_GROUP_2,6072,0.00019284807240206654,9.47769130436114e-06,5.599653411582738e-06,48650.5083994993,"[1060, 1061]",2.755095256183107e-05,ORIGINAL_PARENT_DIAGONAL,SCALAR_PARENT_METRICS_ONLY_NO_NODAL_FIELD_INTERPOLATION
FL1,1060,0.0023992847122015536,FAR_FROM_OWN_FIRST_DELETE_COLUMNS:ORIGINAL_PARENT_DEPTH_GROUP_3,6072,4.821384816165054e-06,3.855230464652481e-07,7.326063100095124e-07,1343.9395172480954,"[1060, 1061]",2.755095256183107e-05,ORIGINAL_PARENT_DIAGONAL,SCALAR_PARENT_METRICS_ONLY_NO_NODAL_FIELD_INTERPOLATION
FL1,1060,0.0023992847122015536,FAR_FROM_OWN_FIRST_DELETE_COLUMNS:ORIGINAL_PARENT_DEPTH_GROUP_4,6072,1.5647374761944524e-05,3.568186948244685e-07,7.951955521294019e-08,137.22382033090008,"[1060, 1061]",2.755095256183107e-05,ORIGINAL_PARENT_DIAGONAL,SCALAR_PARENT_METRICS_ONLY_NO_NODAL_FIELD_INTERPOLATION
R1,1061,0.0024049796788102166,ALL:ORIGINAL_PARENT_DEPTH_GROUP_1,6144,0.18673603743171863,0.002697504759784268,0.0004524904256741731,11502568.52099531,"[1061, 1061]",0.0,ORIGINAL_PARENT_DIAGONAL,NONE_NATIVE_R1
R1,1061,0.0024049796788102166,ALL:ORIGINAL_PARENT_DEPTH_GROUP_2,6144,0.0009972845751917607,9.42271589949599e-05,0.0001281301833161285,127821.94175137488,"[1061, 1061]",0.0,ORIGINAL_PARENT_DIAGONAL,NONE_NATIVE_R1
R1,1061,0.0024049796788102166,ALL:ORIGINAL_PARENT_DEPTH_GROUP_3,6144,6.287442366476689e-05,8.426006585428024e-06,1.689811235408772e-05,9834.791086080691,"[1061, 1061]",0.0,ORIGINAL_PARENT_DIAGONAL,NONE_NATIVE_R1
R1,1061,0.0024049796788102166,ALL:ORIGINAL_PARENT_DEPTH_GROUP_4,6144,2.264074495519044e-05,1.4272706189369559e-06,3.3428270978330467e-06,3832.5632282715696,"[1061, 1061]",0.0,ORIGINAL_PARENT_DIAGONAL,NONE_NATIVE_R1
R1,1061,0.0024049796788102166,NEAR_OWN_FIRST_DELETE_COLUMNS:ORIGINAL_PARENT_DEPTH_GROUP_1,72,0.18673603743171863,0.02454847008351218,0.030475978835232072,11502568.52099531,"[1061, 1061]",0.0,ORIGINAL_PARENT_DIAGONAL,NONE_NATIVE_R1
R1,1061,0.0024049796788102166,NEAR_OWN_FIRST_DELETE_COLUMNS:ORIGINAL_PARENT_DEPTH_GROUP_2,72,0.0009278339566939335,0.0004369445597613378,0.0007593202117766872,127821.94175137488,"[1061, 1061]",0.0,ORIGINAL_PARENT_DIAGONAL,NONE_NATIVE_R1
R1,1061,0.0024049796788102166,NEAR_OWN_FIRST_DELETE_COLUMNS:ORIGINAL_PARENT_DEPTH_GROUP_3,72,6.287442366476689e-05,3.077299854438443e-05,6.246308465848003e-05,5085.235435049386,"[1061, 1061]",0.0,ORIGINAL_PARENT_DIAGONAL,NONE_NATIVE_R1
R1,1061,0.0024049796788102166,NEAR_OWN_FIRST_DELETE_COLUMNS:ORIGINAL_PARENT_DEPTH_GROUP_4,72,6.538008180363873e-06,2.882304640513622e-06,6.532528335806953e-06,1129.6991050381182,"[1061, 1061]",0.0,ORIGINAL_PARENT_DIAGONAL,NONE_NATIVE_R1
R1,1061,0.0024049796788102166,FAR_FROM_OWN_FIRST_DELETE_COLUMNS:ORIGINAL_PARENT_DEPTH_GROUP_1,6072,0.010727154658477402,0.0004658708684498716,0.00030900935487118404,3151324.237491833,"[1061, 1061]",0.0,ORIGINAL_PARENT_DIAGONAL,NONE_NATIVE_R1
R1,1061,0.0024049796788102166,FAR_FROM_OWN_FIRST_DELETE_COLUMNS:ORIGINAL_PARENT_DEPTH_GROUP_2,6072,0.0009972845751917607,8.197657703410549e-05,0.00010483085898520782,91419.57750691476,"[1061, 1061]",0.0,ORIGINAL_PARENT_DIAGONAL,NONE_NATIVE_R1
R1,1061,0.0024049796788102166,FAR_FROM_OWN_FIRST_DELETE_COLUMNS:ORIGINAL_PARENT_DEPTH_GROUP_3,6072,6.20591720943551e-05,7.785272898425143e-06,1.522887316242765e-05,9834.791086080691,"[1061, 1061]",0.0,ORIGINAL_PARENT_DIAGONAL,NONE_NATIVE_R1
R1,1061,0.0024049796788102166,FAR_FROM_OWN_FIRST_DELETE_COLUMNS:ORIGINAL_PARENT_DEPTH_GROUP_4,6072,2.264074495519044e-05,1.400980632440936e-06,3.2609846621427435e-06,3832.5632282715696,"[1061, 1061]",0.0,ORIGINAL_PARENT_DIAGONAL,NONE_NATIVE_R1
FL1,1061,0.0024049796788102166,ALL:ORIGINAL_PARENT_DEPTH_GROUP_1,6144,0.19927329956559134,0.0031650275074233763,0.00044497600467413215,10135447.924977703,"[1061, 1062]",0.00015531947216431265,ORIGINAL_PARENT_DIAGONAL,SCALAR_PARENT_METRICS_ONLY_NO_NODAL_FIELD_INTERPOLATION
FL1,1061,0.0024049796788102166,ALL:ORIGINAL_PARENT_DEPTH_GROUP_2,6144,0.0011617734750673278,8.416033230685008e-05,0.00010049140753069503,135960.9171160314,"[1061, 1062]",0.00015531947216431265,ORIGINAL_PARENT_DIAGONAL,SCALAR_PARENT_METRICS_ONLY_NO_NODAL_FIELD_INTERPOLATION
FL1,1061,0.0024049796788102166,ALL:ORIGINAL_PARENT_DEPTH_GROUP_3,6144,6.327426846168129e-05,7.615074742163498e-06,1.7430382251519294e-05,5882.370939429797,"[1061, 1062]",0.00015531947216431265,ORIGINAL_PARENT_DIAGONAL,SCALAR_PARENT_METRICS_ONLY_NO_NODAL_FIELD_INTERPOLATION
FL1,1061,0.0024049796788102166,ALL:ORIGINAL_PARENT_DEPTH_GROUP_4,6144,2.08529208854215e-05,8.311422705083356e-07,1.7558535566308994e-06,1528.9747775159278,"[1061, 1062]",0.00015531947216431265,ORIGINAL_PARENT_DIAGONAL,SCALAR_PARENT_METRICS_ONLY_NO_NODAL_FIELD_INTERPOLATION
FL1,1061,0.0024049796788102166,NEAR_OWN_FIRST_DELETE_COLUMNS:ORIGINAL_PARENT_DEPTH_GROUP_1,72,0.19927329956559134,0.02859463177943588,0.04342732545794338,10135447.924977703,"[1061, 1062]",0.00015531947216431265,ORIGINAL_PARENT_DIAGONAL,SCALAR_PARENT_METRICS_ONLY_NO_NODAL_FIELD_INTERPOLATION
FL1,1061,0.0024049796788102166,NEAR_OWN_FIRST_DELETE_COLUMNS:ORIGINAL_PARENT_DEPTH_GROUP_2,72,0.0011617734750673278,0.000437178792573784,0.0009382462806786842,108637.86015619166,"[1061, 1062]",0.00015531947216431265,ORIGINAL_PARENT_DIAGONAL,SCALAR_PARENT_METRICS_ONLY_NO_NODAL_FIELD_INTERPOLATION
FL1,1061,0.0024049796788102166,NEAR_OWN_FIRST_DELETE_COLUMNS:ORIGINAL_PARENT_DEPTH_GROUP_3,72,6.327426846168129e-05,2.6994761310735932e-05,5.054899538476604e-05,3860.8333252512602,"[1061, 1062]",0.00015531947216431265,ORIGINAL_PARENT_DIAGONAL,SCALAR_PARENT_METRICS_ONLY_NO_NODAL_FIELD_INTERPOLATION
FL1,1061,0.0024049796788102166,NEAR_OWN_FIRST_DELETE_COLUMNS:ORIGINAL_PARENT_DEPTH_GROUP_4,72,3.759629378244141e-06,1.5046748940631833e-06,3.361485593929709e-06,1010.6452878651922,"[1061, 1062]",0.00015531947216431265,ORIGINAL_PARENT_DIAGONAL,SCALAR_PARENT_METRICS_ONLY_NO_NODAL_FIELD_INTERPOLATION
FL1,1061,0.0024049796788102166,FAR_FROM_OWN_FIRST_DELETE_COLUMNS:ORIGINAL_PARENT_DEPTH_GROUP_1,6072,0.01674323514537733,0.0006638469620373207,0.000295319959166862,4677115.022033086,"[1061, 1062]",0.00015531947216431265,ORIGINAL_PARENT_DIAGONAL,SCALAR_PARENT_METRICS_ONLY_NO_NODAL_FIELD_INTERPOLATION
FL1,1061,0.0024049796788102166,FAR_FROM_OWN_FIRST_DELETE_COLUMNS:ORIGINAL_PARENT_DEPTH_GROUP_2,6072,0.0009808368652792314,7.000458095329762e-05,8.318479806065506e-05,135960.9171160314,"[1061, 1062]",0.00015531947216431265,ORIGINAL_PARENT_DIAGONAL,SCALAR_PARENT_METRICS_ONLY_NO_NODAL_FIELD_INTERPOLATION
FL1,1061,0.0024049796788102166,FAR_FROM_OWN_FIRST_DELETE_COLUMNS:ORIGINAL_PARENT_DEPTH_GROUP_3,6072,6.06543307904867e-05,7.073617854767072e-06,1.590343594201326e-05,5882.370939429797,"[1061, 1062]",0.00015531947216431265,ORIGINAL_PARENT_DIAGONAL,SCALAR_PARENT_METRICS_ONLY_NO_NODAL_FIELD_INTERPOLATION
FL1,1061,0.0024049796788102166,FAR_FROM_OWN_FIRST_DELETE_COLUMNS:ORIGINAL_PARENT_DEPTH_GROUP_4,6072,2.08529208854215e-05,8.198428792131589e-07,1.6493259921308167e-06,1528.9747775159278,"[1061, 1062]",0.00015531947216431265,ORIGINAL_PARENT_DIAGONAL,SCALAR_PARENT_METRICS_ONLY_NO_NODAL_FIELD_INTERPOLATION
R1,1081,0.002520296970342847,ALL:ORIGINAL_PARENT_DEPTH_GROUP_1,6144,0.19837435987270147,0.0028129813019228257,0.0004329945964342425,974477.1632781606,"[1081, 1081]",0.0,ORIGINAL_PARENT_DIAGONAL,NONE_NATIVE_R1
R1,1081,0.002520296970342847,ALL:ORIGINAL_PARENT_DEPTH_GROUP_2,6144,0.0012308472756058573,0.00014873276788577555,0.0003059536846451887,571822.451657826,"[1081, 1081]",0.0,ORIGINAL_PARENT_DIAGONAL,NONE_NATIVE_R1
R1,1081,0.002520296970342847,ALL:ORIGINAL_PARENT_DEPTH_GROUP_3,6144,0.0012159876082198846,0.00016231268116364194,0.00023108018491721358,506825.76954201225,"[1081, 1081]",0.0,ORIGINAL_PARENT_DIAGONAL,NONE_NATIVE_R1
R1,1081,0.002520296970342847,ALL:ORIGINAL_PARENT_DEPTH_GROUP_4,6144,0.005572699577071549,0.00015303440340629564,0.00027233325698731433,236998.3097034641,"[1081, 1081]",0.0,ORIGINAL_PARENT_DIAGONAL,NONE_NATIVE_R1
R1,1081,0.002520296970342847,NEAR_OWN_FIRST_DELETE_COLUMNS:ORIGINAL_PARENT_DEPTH_GROUP_1,72,0.19837435987270147,0.025737028820792558,0.03434735489824855,974477.1632781606,"[1081, 1081]",0.0,ORIGINAL_PARENT_DIAGONAL,NONE_NATIVE_R1
R1,1081,0.002520296970342847,NEAR_OWN_FIRST_DELETE_COLUMNS:ORIGINAL_PARENT_DEPTH_GROUP_2,72,0.0012308472756058573,0.0006812352807651943,0.0012016714024210072,338508.2824727595,"[1081, 1081]",0.0,ORIGINAL_PARENT_DIAGONAL,NONE_NATIVE_R1
R1,1081,0.002520296970342847,NEAR_OWN_FIRST_DELETE_COLUMNS:ORIGINAL_PARENT_DEPTH_GROUP_3,72,0.0012159876082198846,0.0007717280070636011,0.0011906862360270968,405485.6875147495,"[1081, 1081]",0.0,ORIGINAL_PARENT_DIAGONAL,NONE_NATIVE_R1
R1,1081,0.002520296970342847,NEAR_OWN_FIRST_DELETE_COLUMNS:ORIGINAL_PARENT_DEPTH_GROUP_4,72,0.0005792258066367645,0.00025627608477431295,0.0005681978652573486,236998.3097034641,"[1081, 1081]",0.0,ORIGINAL_PARENT_DIAGONAL,NONE_NATIVE_R1
R1,1081,0.002520296970342847,FAR_FROM_OWN_FIRST_DELETE_COLUMNS:ORIGINAL_PARENT_DEPTH_GROUP_1,6072,0.012848569408003826,0.00039014123572524205,0.0003306937149250519,573561.6107314125,"[1081, 1081]",0.0,ORIGINAL_PARENT_DIAGONAL,NONE_NATIVE_R1
R1,1081,0.002520296970342847,FAR_FROM_OWN_FIRST_DELETE_COLUMNS:ORIGINAL_PARENT_DEPTH_GROUP_2,6072,0.0011966364104165981,0.00012992614434315287,0.00023759551932436585,571822.451657826,"[1081, 1081]",0.0,ORIGINAL_PARENT_DIAGONAL,NONE_NATIVE_R1
R1,1081,0.002520296970342847,FAR_FROM_OWN_FIRST_DELETE_COLUMNS:ORIGINAL_PARENT_DEPTH_GROUP_3,6072,0.0012094716533163797,0.00013998491879206086,0.00020703450790459212,506825.76954201225,"[1081, 1081]",0.0,ORIGINAL_PARENT_DIAGONAL,NONE_NATIVE_R1
R1,1081,0.002520296970342847,FAR_FROM_OWN_FIRST_DELETE_COLUMNS:ORIGINAL_PARENT_DEPTH_GROUP_4,6072,0.005572699577071549,0.00015138839708560932,0.0002649225587397278,236376.09827281334,"[1081, 1081]",0.0,ORIGINAL_PARENT_DIAGONAL,NONE_NATIVE_R1
FL1,1081,0.002520296970342847,ALL:ORIGINAL_PARENT_DEPTH_GROUP_1,6144,0.2006575072320821,0.003245317864834359,0.0008161925191789064,10226324.493194481,"[1081, 1082]",0.0002605563918535697,ORIGINAL_PARENT_DIAGONAL,SCALAR_PARENT_METRICS_ONLY_NO_NODAL_FIELD_INTERPOLATION
FL1,1081,0.002520296970342847,ALL:ORIGINAL_PARENT_DEPTH_GROUP_2,6144,0.003315770307510266,0.00034697614695188494,0.0004908020798825011,2119088.384804452,"[1081, 1082]",0.0002605563918535697,ORIGINAL_PARENT_DIAGONAL,SCALAR_PARENT_METRICS_ONLY_NO_NODAL_FIELD_INTERPOLATION
FL1,1081,0.002520296970342847,ALL:ORIGINAL_PARENT_DEPTH_GROUP_3,6144,0.0014080910104728919,0.0001223930006151165,0.00018370863374395487,493137.9859160722,"[1081, 1082]",0.0002605563918535697,ORIGINAL_PARENT_DIAGONAL,SCALAR_PARENT_METRICS_ONLY_NO_NODAL_FIELD_INTERPOLATION
FL1,1081,0.002520296970342847,ALL:ORIGINAL_PARENT_DEPTH_GROUP_4,6144,0.008590102175387825,0.00021803972443705684,0.0002107030043047906,192322.08190378532,"[1081, 1082]",0.0002605563918535697,ORIGINAL_PARENT_DIAGONAL,SCALAR_PARENT_METRICS_ONLY_NO_NODAL_FIELD_INTERPOLATION
FL1,1081,0.002520296970342847,NEAR_OWN_FIRST_DELETE_COLUMNS:ORIGINAL_PARENT_DEPTH_GROUP_1,72,0.2006575072320821,0.029231856277239943,0.0456441574164389,10226324.493194481,"[1081, 1082]",0.0002605563918535697,ORIGINAL_PARENT_DIAGONAL,SCALAR_PARENT_METRICS_ONLY_NO_NODAL_FIELD_INTERPOLATION
FL1,1081,0.002520296970342847,NEAR_OWN_FIRST_DELETE_COLUMNS:ORIGINAL_PARENT_DEPTH_GROUP_2,72,0.003315770307510266,0.0018765357271568683,0.002870339414206646,1949299.7000625876,"[1081, 1082]",0.0002605563918535697,ORIGINAL_PARENT_DIAGONAL,SCALAR_PARENT_METRICS_ONLY_NO_NODAL_FIELD_INTERPOLATION
FL1,1081,0.002520296970342847,NEAR_OWN_FIRST_DELETE_COLUMNS:ORIGINAL_PARENT_DEPTH_GROUP_3,72,0.0014080910104728919,0.0005728349355917901,0.0013772912857153226,263342.96513345157,"[1081, 1082]",0.0002605563918535697,ORIGINAL_PARENT_DIAGONAL,SCALAR_PARENT_METRICS_ONLY_NO_NODAL_FIELD_INTERPOLATION
FL1,1081,0.002520296970342847,NEAR_OWN_FIRST_DELETE_COLUMNS:ORIGINAL_PARENT_DEPTH_GROUP_4,72,0.0003254582744044863,0.00016307688477813082,0.0003174934318414191,61625.880975558975,"[1081, 1082]",0.0002605563918535697,ORIGINAL_PARENT_DIAGONAL,SCALAR_PARENT_METRICS_ONLY_NO_NODAL_FIELD_INTERPOLATION
FL1,1081,0.002520296970342847,FAR_FROM_OWN_FIRST_DELETE_COLUMNS:ORIGINAL_PARENT_DEPTH_GROUP_1,6072,0.016113824167551728,0.0007242558535552903,0.0005707330478594109,2609808.7715072795,"[1081, 1082]",0.0002605563918535697,ORIGINAL_PARENT_DIAGONAL,SCALAR_PARENT_METRICS_ONLY_NO_NODAL_FIELD_INTERPOLATION
FL1,1081,0.002520296970342847,FAR_FROM_OWN_FIRST_DELETE_COLUMNS:ORIGINAL_PARENT_DEPTH_GROUP_2,6072,0.0028373594517727536,0.000282956632327239,0.0003432593520227679,2119088.384804452,"[1081, 1082]",0.0002605563918535697,ORIGINAL_PARENT_DIAGONAL,SCALAR_PARENT_METRICS_ONLY_NO_NODAL_FIELD_INTERPOLATION
FL1,1081,0.002520296970342847,FAR_FROM_OWN_FIRST_DELETE_COLUMNS:ORIGINAL_PARENT_DEPTH_GROUP_3,6072,0.001321103844403434,0.0001061446611360924,0.0001786458981267976,493137.9859160722,"[1081, 1082]",0.0002605563918535697,ORIGINAL_PARENT_DIAGONAL,SCALAR_PARENT_METRICS_ONLY_NO_NODAL_FIELD_INTERPOLATION
FL1,1081,0.002520296970342847,FAR_FROM_OWN_FIRST_DELETE_COLUMNS:ORIGINAL_PARENT_DEPTH_GROUP_4,6072,0.008590102175387825,0.00021860857213081472,0.0002070179678085767,192322.08190378532,"[1081, 1082]",0.0002605563918535697,ORIGINAL_PARENT_DIAGONAL,SCALAR_PARENT_METRICS_ONLY_NO_NODAL_FIELD_INTERPOLATION
R1,1082,0.0025261341599057308,ALL:ORIGINAL_PARENT_DEPTH_GROUP_1,6144,0.19568842617900042,0.0027719978767239955,0.00042771640476139234,2394597.479607133,"[1082, 1082]",0.0,ORIGINAL_PARENT_DIAGONAL,NONE_NATIVE_R1
R1,1082,0.0025261341599057308,ALL:ORIGINAL_PARENT_DEPTH_GROUP_2,6144,0.0012326004701135355,0.00016398811581310564,0.00027309741143462284,481106.7170459182,"[1082, 1082]",0.0,ORIGINAL_PARENT_DIAGONAL,NONE_NATIVE_R1
R1,1082,0.0025261341599057308,ALL:ORIGINAL_PARENT_DEPTH_GROUP_3,6144,0.0011135577889797678,0.00012615531591211372,0.00022215141011157694,440393.2414774539,"[1082, 1082]",0.0,ORIGINAL_PARENT_DIAGONAL,NONE_NATIVE_R1
R1,1082,0.0025261341599057308,ALL:ORIGINAL_PARENT_DEPTH_GROUP_4,6144,0.004785049340068755,0.00013622170777596266,0.00024201030319505467,276049.3751646732,"[1082, 1082]",0.0,ORIGINAL_PARENT_DIAGONAL,NONE_NATIVE_R1
R1,1082,0.0025261341599057308,NEAR_OWN_FIRST_DELETE_COLUMNS:ORIGINAL_PARENT_DEPTH_GROUP_1,72,0.19568842617900042,0.025353927096939694,0.034013714258685934,2394597.479607133,"[1082, 1082]",0.0,ORIGINAL_PARENT_DIAGONAL,NONE_NATIVE_R1
R1,1082,0.0025261341599057308,NEAR_OWN_FIRST_DELETE_COLUMNS:ORIGINAL_PARENT_DEPTH_GROUP_2,72,0.0012326004701135355,0.0007842251778774113,0.0012237774355001432,438443.6897853504,"[1082, 1082]",0.0,ORIGINAL_PARENT_DIAGONAL,NONE_NATIVE_R1
R1,1082,0.0025261341599057308,NEAR_OWN_FIRST_DELETE_COLUMNS:ORIGINAL_PARENT_DEPTH_GROUP_3,72,0.0011135577889797678,0.0005793596815580591,0.0010837816559958993,284541.7152116313,"[1082, 1082]",0.0,ORIGINAL_PARENT_DIAGONAL,NONE_NATIVE_R1
R1,1082,0.0025261341599057308,NEAR_OWN_FIRST_DELETE_COLUMNS:ORIGINAL_PARENT_DEPTH_GROUP_4,72,0.0003578262299508138,0.00019089089607075976,0.00035632362173545747,276049.3751646732,"[1082, 1082]",0.0,ORIGINAL_PARENT_DIAGONAL,NONE_NATIVE_R1
R1,1082,0.0025261341599057308,FAR_FROM_OWN_FIRST_DELETE_COLUMNS:ORIGINAL_PARENT_DEPTH_GROUP_1,6072,0.012888379606516552,0.00039076307632984796,0.0003061291061010915,560027.7599912572,"[1082, 1082]",0.0,ORIGINAL_PARENT_DIAGONAL,NONE_NATIVE_R1
R1,1082,0.0025261341599057308,FAR_FROM_OWN_FIRST_DELETE_COLUMNS:ORIGINAL_PARENT_DEPTH_GROUP_2,6072,0.0011571671994826075,0.0001411324995682709,0.00021497208931507648,481106.7170459182,"[1082, 1082]",0.0,ORIGINAL_PARENT_DIAGONAL,NONE_NATIVE_R1
R1,1082,0.0025261341599057308,FAR_FROM_OWN_FIRST_DELETE_COLUMNS:ORIGINAL_PARENT_DEPTH_GROUP_3,6072,0.001051686956575243,0.00011010790599921247,0.00019023347751679758,440393.2414774539,"[1082, 1082]",0.0,ORIGINAL_PARENT_DIAGONAL,NONE_NATIVE_R1
R1,1082,0.0025261341599057308,FAR_FROM_OWN_FIRST_DELETE_COLUMNS:ORIGINAL_PARENT_DEPTH_GROUP_4,6072,0.004785049340068755,0.0001354411404146872,0.00023980197663242347,265003.2979550432,"[1082, 1082]",0.0,ORIGINAL_PARENT_DIAGONAL,NONE_NATIVE_R1
FL1,1082,0.0025261341599057308,ALL:ORIGINAL_PARENT_DEPTH_GROUP_1,6144,0.22662092783815246,0.0035111730083420343,0.0007324309683052603,14257595.103228107,"[1082, 1083]",0.00027053334833378396,ORIGINAL_PARENT_DIAGONAL,SCALAR_PARENT_METRICS_ONLY_NO_NODAL_FIELD_INTERPOLATION
FL1,1082,0.0025261341599057308,ALL:ORIGINAL_PARENT_DEPTH_GROUP_2,6144,0.00418998840031854,0.00040039296786219356,0.0005832528263148086,2627698.2687997175,"[1082, 1083]",0.00027053334833378396,ORIGINAL_PARENT_DIAGONAL,SCALAR_PARENT_METRICS_ONLY_NO_NODAL_FIELD_INTERPOLATION
FL1,1082,0.0025261341599057308,ALL:ORIGINAL_PARENT_DEPTH_GROUP_3,6144,0.0018394464799383497,0.00014225614053277628,0.00018816617007405274,375940.61786781775,"[1082, 1083]",0.00027053334833378396,ORIGINAL_PARENT_DIAGONAL,SCALAR_PARENT_METRICS_ONLY_NO_NODAL_FIELD_INTERPOLATION
FL1,1082,0.0025261341599057308,ALL:ORIGINAL_PARENT_DEPTH_GROUP_4,6144,0.00752671056734275,0.00019800019972604274,0.00021137713263633944,125318.41508231395,"[1082, 1083]",0.00027053334833378396,ORIGINAL_PARENT_DIAGONAL,SCALAR_PARENT_METRICS_ONLY_NO_NODAL_FIELD_INTERPOLATION
FL1,1082,0.0025261341599057308,NEAR_OWN_FIRST_DELETE_COLUMNS:ORIGINAL_PARENT_DEPTH_GROUP_1,72,0.22662092783815246,0.03183985817780701,0.04865413423756485,14257595.103228107,"[1082, 1083]",0.00027053334833378396,ORIGINAL_PARENT_DIAGONAL,SCALAR_PARENT_METRICS_ONLY_NO_NODAL_FIELD_INTERPOLATION
FL1,1082,0.0025261341599057308,NEAR_OWN_FIRST_DELETE_COLUMNS:ORIGINAL_PARENT_DEPTH_GROUP_2,72,0.00418998840031854,0.001947124082694515,0.003998202982746729,2627698.2687997175,"[1082, 1083]",0.00027053334833378396,ORIGINAL_PARENT_DIAGONAL,SCALAR_PARENT_METRICS_ONLY_NO_NODAL_FIELD_INTERPOLATION
FL1,1082,0.0025261341599057308,NEAR_OWN_FIRST_DELETE_COLUMNS:ORIGINAL_PARENT_DEPTH_GROUP_3,72,0.0018394464799383497,0.0006481270700821759,0.0018094764358953669,73626.9162642439,"[1082, 1083]",0.00027053334833378396,ORIGINAL_PARENT_DIAGONAL,SCALAR_PARENT_METRICS_ONLY_NO_NODAL_FIELD_INTERPOLATION
FL1,1082,0.0025261341599057308,NEAR_OWN_FIRST_DELETE_COLUMNS:ORIGINAL_PARENT_DEPTH_GROUP_4,72,0.00030570868007720947,0.000176267335389214,0.00030359463680132014,54359.9024177793,"[1082, 1083]",0.00027053334833378396,ORIGINAL_PARENT_DIAGONAL,SCALAR_PARENT_METRICS_ONLY_NO_NODAL_FIELD_INTERPOLATION
FL1,1082,0.0025261341599057308,FAR_FROM_OWN_FIRST_DELETE_COLUMNS:ORIGINAL_PARENT_DEPTH_GROUP_1,6072,0.016012135256274714,0.0006733911661374333,0.0005237422994963174,3611586.8092344315,"[1082, 1083]",0.00027053334833378396,ORIGINAL_PARENT_DIAGONAL,SCALAR_PARENT_METRICS_ONLY_NO_NODAL_FIELD_INTERPOLATION
FL1,1082,0.0025261341599057308,FAR_FROM_OWN_FIRST_DELETE_COLUMNS:ORIGINAL_PARENT_DEPTH_GROUP_2,6072,0.004043622636213822,0.00034243168309989146,0.00048249328470335536,2420440.7560109026,"[1082, 1083]",0.00027053334833378396,ORIGINAL_PARENT_DIAGONAL,SCALAR_PARENT_METRICS_ONLY_NO_NODAL_FIELD_INTERPOLATION
FL1,1082,0.0025261341599057308,FAR_FROM_OWN_FIRST_DELETE_COLUMNS:ORIGINAL_PARENT_DEPTH_GROUP_3,6072,0.0018071134676113116,0.00012448180558222928,0.00018097608019570206,375940.61786781775,"[1082, 1083]",0.00027053334833378396,ORIGINAL_PARENT_DIAGONAL,SCALAR_PARENT_METRICS_ONLY_NO_NODAL_FIELD_INTERPOLATION
FL1,1082,0.0025261341599057308,FAR_FROM_OWN_FIRST_DELETE_COLUMNS:ORIGINAL_PARENT_DEPTH_GROUP_4,6072,0.00752671056734275,0.00019824360913954194,0.00020644865141048092,125318.41508231395,"[1082, 1083]",0.00027053334833378396,ORIGINAL_PARENT_DIAGONAL,SCALAR_PARENT_METRICS_ONLY_NO_NODAL_FIELD_INTERPOLATION
R1,1389,0.004618302264921559,ALL:ORIGINAL_PARENT_DEPTH_GROUP_1,6144,0.346224959219267,0.004939515296515256,0.0007712312615567151,3082691.8206800306,"[1389, 1389]",0.0,ORIGINAL_PARENT_DIAGONAL,NONE_NATIVE_R1
R1,1389,0.004618302264921559,ALL:ORIGINAL_PARENT_DEPTH_GROUP_2,6144,0.0018213505689604506,0.0002042834489231818,0.0004186715752609475,666422.8454264163,"[1389, 1389]",0.0,ORIGINAL_PARENT_DIAGONAL,NONE_NATIVE_R1
R1,1389,0.004618302264921559,ALL:ORIGINAL_PARENT_DEPTH_GROUP_3,6144,0.001729182362475717,0.00020651535632501173,0.00043448095153723865,584656.2361266187,"[1389, 1389]",0.0,ORIGINAL_PARENT_DIAGONAL,NONE_NATIVE_R1
R1,1389,0.004618302264921559,ALL:ORIGINAL_PARENT_DEPTH_GROUP_4,6144,0.000599398949738654,7.507975283393921e-05,0.00012605069897821933,354703.38349211344,"[1389, 1389]",0.0,ORIGINAL_PARENT_DIAGONAL,NONE_NATIVE_R1
R1,1389,0.004618302264921559,NEAR_OWN_FIRST_DELETE_COLUMNS:ORIGINAL_PARENT_DEPTH_GROUP_1,72,0.346224959219267,0.04520259519876794,0.05663303620532581,3082691.8206800306,"[1389, 1389]",0.0,ORIGINAL_PARENT_DIAGONAL,NONE_NATIVE_R1
R1,1389,0.004618302264921559,NEAR_OWN_FIRST_DELETE_COLUMNS:ORIGINAL_PARENT_DEPTH_GROUP_2,72,0.0018213505689604506,0.0008851114735843432,0.0017119612874240968,666422.8454264163,"[1389, 1389]",0.0,ORIGINAL_PARENT_DIAGONAL,NONE_NATIVE_R1
R1,1389,0.004618302264921559,NEAR_OWN_FIRST_DELETE_COLUMNS:ORIGINAL_PARENT_DEPTH_GROUP_3,72,0.001729182362475717,0.000932748114512248,0.0016674230471491382,566446.6865304818,"[1389, 1389]",0.0,ORIGINAL_PARENT_DIAGONAL,NONE_NATIVE_R1
R1,1389,0.004618302264921559,NEAR_OWN_FIRST_DELETE_COLUMNS:ORIGINAL_PARENT_DEPTH_GROUP_4,72,0.00028106426895179506,0.00014131337813699284,0.00026824028167267,348324.2132970465,"[1389, 1389]",0.0,ORIGINAL_PARENT_DIAGONAL,NONE_NATIVE_R1
R1,1389,0.004618302264921559,FAR_FROM_OWN_FIRST_DELETE_COLUMNS:ORIGINAL_PARENT_DEPTH_GROUP_1,6072,0.02226029311743308,0.0006779178515504954,0.0006367623960450359,491533.673293019,"[1389, 1389]",0.0,ORIGINAL_PARENT_DIAGONAL,NONE_NATIVE_R1
R1,1389,0.004618302264921559,FAR_FROM_OWN_FIRST_DELETE_COLUMNS:ORIGINAL_PARENT_DEPTH_GROUP_2,6072,0.0014941837521462097,0.00018148547431502357,0.00035206230513437213,644766.0648999343,"[1389, 1389]",0.0,ORIGINAL_PARENT_DIAGONAL,NONE_NATIVE_R1
R1,1389,0.004618302264921559,FAR_FROM_OWN_FIRST_DELETE_COLUMNS:ORIGINAL_PARENT_DEPTH_GROUP_3,6072,0.0015813145169392528,0.00018121223901072046,0.00034708045659122435,584656.2361266187,"[1389, 1389]",0.0,ORIGINAL_PARENT_DIAGONAL,NONE_NATIVE_R1
R1,1389,0.004618302264921559,FAR_FROM_OWN_FIRST_DELETE_COLUMNS:ORIGINAL_PARENT_DEPTH_GROUP_4,6072,0.000599398949738654,7.393929046374922e-05,0.00012184049556345094,354703.38349211344,"[1389, 1389]",0.0,ORIGINAL_PARENT_DIAGONAL,NONE_NATIVE_R1
FL1,1389,0.004618302264921559,ALL:ORIGINAL_PARENT_DEPTH_GROUP_1,6144,0.29723442477435574,0.004926882856901958,0.0009093520666984582,11394300.17210429,"[1389, 1390]",5.596514095889373e-05,ORIGINAL_PARENT_DIAGONAL,SCALAR_PARENT_METRICS_ONLY_NO_NODAL_FIELD_INTERPOLATION
FL1,1389,0.004618302264921559,ALL:ORIGINAL_PARENT_DEPTH_GROUP_2,6144,0.002449475740302726,0.0002808469433665187,0.0005881851654581841,1911190.9781127435,"[1389, 1390]",5.596514095889373e-05,ORIGINAL_PARENT_DIAGONAL,SCALAR_PARENT_METRICS_ONLY_NO_NODAL_FIELD_INTERPOLATION
FL1,1389,0.004618302264921559,ALL:ORIGINAL_PARENT_DEPTH_GROUP_3,6144,0.0016000169502513345,0.00013827050431040766,0.00015916825024929598,517840.638923738,"[1389, 1390]",5.596514095889373e-05,ORIGINAL_PARENT_DIAGONAL,SCALAR_PARENT_METRICS_ONLY_NO_NODAL_FIELD_INTERPOLATION
FL1,1389,0.004618302264921559,ALL:ORIGINAL_PARENT_DEPTH_GROUP_4,6144,0.0004878386434189246,4.8481799634405497e-05,7.949434183474722e-05,44821.18147815277,"[1389, 1390]",5.596514095889373e-05,ORIGINAL_PARENT_DIAGONAL,SCALAR_PARENT_METRICS_ONLY_NO_NODAL_FIELD_INTERPOLATION
FL1,1389,0.004618302264921559,NEAR_OWN_FIRST_DELETE_COLUMNS:ORIGINAL_PARENT_DEPTH_GROUP_1,72,0.29723442477435574,0.04468734442073374,0.08037992519303162,11394300.17210429,"[1389, 1390]",5.596514095889373e-05,ORIGINAL_PARENT_DIAGONAL,SCALAR_PARENT_METRICS_ONLY_NO_NODAL_FIELD_INTERPOLATION
FL1,1389,0.004618302264921559,NEAR_OWN_FIRST_DELETE_COLUMNS:ORIGINAL_PARENT_DEPTH_GROUP_2,72,0.0020146918208881867,0.0010735034568338895,0.0017946674712967874,1911190.9781127435,"[1389, 1390]",5.596514095889373e-05,ORIGINAL_PARENT_DIAGONAL,SCALAR_PARENT_METRICS_ONLY_NO_NODAL_FIELD_INTERPOLATION
FL1,1389,0.004618302264921559,NEAR_OWN_FIRST_DELETE_COLUMNS:ORIGINAL_PARENT_DEPTH_GROUP_3,72,0.0015927378973911068,0.0005196649600055976,0.0015358629208293147,517840.638923738,"[1389, 1390]",5.596514095889373e-05,ORIGINAL_PARENT_DIAGONAL,SCALAR_PARENT_METRICS_ONLY_NO_NODAL_FIELD_INTERPOLATION
FL1,1389,0.004618302264921559,NEAR_OWN_FIRST_DELETE_COLUMNS:ORIGINAL_PARENT_DEPTH_GROUP_4,72,8.119961644753675e-05,5.2358010676847755e-05,7.208403032660681e-05,21270.120375319788,"[1389, 1390]",5.596514095889373e-05,ORIGINAL_PARENT_DIAGONAL,SCALAR_PARENT_METRICS_ONLY_NO_NODAL_FIELD_INTERPOLATION
FL1,1389,0.004618302264921559,FAR_FROM_OWN_FIRST_DELETE_COLUMNS:ORIGINAL_PARENT_DEPTH_GROUP_1,6072,0.02467259997558386,0.0009394987844433774,0.0006508577333743955,2536109.268748845,"[1389, 1390]",5.596514095889373e-05,ORIGINAL_PARENT_DIAGONAL,SCALAR_PARENT_METRICS_ONLY_NO_NODAL_FIELD_INTERPOLATION
FL1,1389,0.004618302264921559,FAR_FROM_OWN_FIRST_DELETE_COLUMNS:ORIGINAL_PARENT_DEPTH_GROUP_2,6072,0.002449475740302726,0.00025718737434868766,0.0004757956453812903,1665136.9753105252,"[1389, 1390]",5.596514095889373e-05,ORIGINAL_PARENT_DIAGONAL,SCALAR_PARENT_METRICS_ONLY_NO_NODAL_FIELD_INTERPOLATION
FL1,1389,0.004618302264921559,FAR_FROM_OWN_FIRST_DELETE_COLUMNS:ORIGINAL_PARENT_DEPTH_GROUP_3,6072,0.0016000169502513345,0.00012705606233215675,0.00015490947004651192,473004.89678900107,"[1389, 1390]",5.596514095889373e-05,ORIGINAL_PARENT_DIAGONAL,SCALAR_PARENT_METRICS_ONLY_NO_NODAL_FIELD_INTERPOLATION
FL1,1389,0.004618302264921559,FAR_FROM_OWN_FIRST_DELETE_COLUMNS:ORIGINAL_PARENT_DEPTH_GROUP_4,6072,0.0004878386434189246,4.843397565686729e-05,7.963611088183191e-05,44821.18147815277,"[1389, 1390]",5.596514095889373e-05,ORIGINAL_PARENT_DIAGONAL,SCALAR_PARENT_METRICS_ONLY_NO_NODAL_FIELD_INTERPOLATION
R1,1390,0.00462601123355589,ALL:ORIGINAL_PARENT_DEPTH_GROUP_1,6144,0.3478159581396201,0.004943359047934092,0.0008316626564366849,2807536.7661220166,"[1390, 1390]",0.0,ORIGINAL_PARENT_DIAGONAL,NONE_NATIVE_R1
R1,1390,0.00462601123355589,ALL:ORIGINAL_PARENT_DEPTH_GROUP_2,6144,0.0013792482047030982,0.00020603799147558133,0.0004112920457800957,636833.6599764833,"[1390, 1390]",0.0,ORIGINAL_PARENT_DIAGONAL,NONE_NATIVE_R1
R1,1390,0.00462601123355589,ALL:ORIGINAL_PARENT_DEPTH_GROUP_3,6144,0.00075408650123293,0.00014159138415572358,0.0003017938797518624,565738.7167074067,"[1390, 1390]",0.0,ORIGINAL_PARENT_DIAGONAL,NONE_NATIVE_R1
R1,1390,0.00462601123355589,ALL:ORIGINAL_PARENT_DEPTH_GROUP_4,6144,0.0005735480305180323,7.736383438471438e-05,0.00012310544762208416,384376.7222562324,"[1390, 1390]",0.0,ORIGINAL_PARENT_DIAGONAL,NONE_NATIVE_R1
R1,1390,0.00462601123355589,NEAR_OWN_FIRST_DELETE_COLUMNS:ORIGINAL_PARENT_DEPTH_GROUP_1,72,0.3478159581396201,0.04522312363640974,0.0557087701050945,2807536.7661220166,"[1390, 1390]",0.0,ORIGINAL_PARENT_DIAGONAL,NONE_NATIVE_R1
R1,1390,0.00462601123355589,NEAR_OWN_FIRST_DELETE_COLUMNS:ORIGINAL_PARENT_DEPTH_GROUP_2,72,0.0013792482047030982,0.0009016694561928054,0.0013214060247710314,636833.6599764833,"[1390, 1390]",0.0,ORIGINAL_PARENT_DIAGONAL,NONE_NATIVE_R1
R1,1390,0.00462601123355589,NEAR_OWN_FIRST_DELETE_COLUMNS:ORIGINAL_PARENT_DEPTH_GROUP_3,72,0.00075408650123293,0.0004475692250107646,0.0007029459624189645,565738.7167074067,"[1390, 1390]",0.0,ORIGINAL_PARENT_DIAGONAL,NONE_NATIVE_R1
R1,1390,0.00462601123355589,NEAR_OWN_FIRST_DELETE_COLUMNS:ORIGINAL_PARENT_DEPTH_GROUP_4,72,0.00042656907630077626,0.00018256394153064328,0.00041467330620616893,384376.7222562324,"[1390, 1390]",0.0,ORIGINAL_PARENT_DIAGONAL,NONE_NATIVE_R1
R1,1390,0.00462601123355589,FAR_FROM_OWN_FIRST_DELETE_COLUMNS:ORIGINAL_PARENT_DEPTH_GROUP_1,6072,0.02153266945995262,0.0006899267502985514,0.0006233739068703798,782941.8719708761,"[1390, 1390]",0.0,ORIGINAL_PARENT_DIAGONAL,NONE_NATIVE_R1
R1,1390,0.00462601123355589,FAR_FROM_OWN_FIRST_DELETE_COLUMNS:ORIGINAL_PARENT_DEPTH_GROUP_2,6072,0.0013686917397328015,0.00018252294221183916,0.0003640400437127997,587516.0715587982,"[1390, 1390]",0.0,ORIGINAL_PARENT_DIAGONAL,NONE_NATIVE_R1
R1,1390,0.00462601123355589,FAR_FROM_OWN_FIRST_DELETE_COLUMNS:ORIGINAL_PARENT_DEPTH_GROUP_3,6072,0.0007372495032731949,0.0001338302284761419,0.00027808634686478183,546399.604566898,"[1390, 1390]",0.0,ORIGINAL_PARENT_DIAGONAL,NONE_NATIVE_R1
R1,1390,0.00462601123355589,FAR_FROM_OWN_FIRST_DELETE_COLUMNS:ORIGINAL_PARENT_DEPTH_GROUP_4,6072,0.0005735480305180323,7.523908970213243e-05,0.00012247747539068172,376235.24847053585,"[1390, 1390]",0.0,ORIGINAL_PARENT_DIAGONAL,NONE_NATIVE_R1
FL1,1390,0.00462601123355589,ALL:ORIGINAL_PARENT_DEPTH_GROUP_1,6144,0.30357717628724884,0.0049787607611700745,0.0009145866376016944,5274041.719878636,"[1390, 1391]",6.086123038432387e-05,ORIGINAL_PARENT_DIAGONAL,SCALAR_PARENT_METRICS_ONLY_NO_NODAL_FIELD_INTERPOLATION
FL1,1390,0.00462601123355589,ALL:ORIGINAL_PARENT_DEPTH_GROUP_2,6144,0.001895665726269227,0.000271566038314892,0.0005941746718127744,1733895.0360353827,"[1390, 1391]",6.086123038432387e-05,ORIGINAL_PARENT_DIAGONAL,SCALAR_PARENT_METRICS_ONLY_NO_NODAL_FIELD_INTERPOLATION
FL1,1390,0.00462601123355589,ALL:ORIGINAL_PARENT_DEPTH_GROUP_3,6144,0.0015705357138520199,0.00014788478061439445,0.00018193273145026564,622916.5550805677,"[1390, 1391]",6.086123038432387e-05,ORIGINAL_PARENT_DIAGONAL,SCALAR_PARENT_METRICS_ONLY_NO_NODAL_FIELD_INTERPOLATION
FL1,1390,0.00462601123355589,ALL:ORIGINAL_PARENT_DEPTH_GROUP_4,6144,0.00031583012067993617,4.298244098605412e-05,8.006353388823841e-05,22583.745160456867,"[1390, 1391]",6.086123038432387e-05,ORIGINAL_PARENT_DIAGONAL,SCALAR_PARENT_METRICS_ONLY_NO_NODAL_FIELD_INTERPOLATION
FL1,1390,0.00462601123355589,NEAR_OWN_FIRST_DELETE_COLUMNS:ORIGINAL_PARENT_DEPTH_GROUP_1,72,0.30357717628724884,0.04519800591206205,0.07871866336587587,5274041.719878636,"[1390, 1391]",6.086123038432387e-05,ORIGINAL_PARENT_DIAGONAL,SCALAR_PARENT_METRICS_ONLY_NO_NODAL_FIELD_INTERPOLATION
FL1,1390,0.00462601123355589,NEAR_OWN_FIRST_DELETE_COLUMNS:ORIGINAL_PARENT_DEPTH_GROUP_2,72,0.001668258335028147,0.0011034325754685468,0.0016311282110204673,1733895.0360353827,"[1390, 1391]",6.086123038432387e-05,ORIGINAL_PARENT_DIAGONAL,SCALAR_PARENT_METRICS_ONLY_NO_NODAL_FIELD_INTERPOLATION
FL1,1390,0.00462601123355589,NEAR_OWN_FIRST_DELETE_COLUMNS:ORIGINAL_PARENT_DEPTH_GROUP_3,72,0.0015546329147736238,0.000529624576049631,0.0015303876398353653,622916.5550805677,"[1390, 1391]",6.086123038432387e-05,ORIGINAL_PARENT_DIAGONAL,SCALAR_PARENT_METRICS_ONLY_NO_NODAL_FIELD_INTERPOLATION
FL1,1390,0.00462601123355589,NEAR_OWN_FIRST_DELETE_COLUMNS:ORIGINAL_PARENT_DEPTH_GROUP_4,72,0.00010762131301277171,5.004071662113727e-05,0.00010380723853531768,19579.919277003068,"[1390, 1391]",6.086123038432387e-05,ORIGINAL_PARENT_DIAGONAL,SCALAR_PARENT_METRICS_ONLY_NO_NODAL_FIELD_INTERPOLATION
FL1,1390,0.00462601123355589,FAR_FROM_OWN_FIRST_DELETE_COLUMNS:ORIGINAL_PARENT_DEPTH_GROUP_1,6072,0.02341883776846535,0.0009264745031529793,0.0007172200647208878,1812387.0862600412,"[1390, 1391]",6.086123038432387e-05,ORIGINAL_PARENT_DIAGONAL,SCALAR_PARENT_METRICS_ONLY_NO_NODAL_FIELD_INTERPOLATION
FL1,1390,0.00462601123355589,FAR_FROM_OWN_FIRST_DELETE_COLUMNS:ORIGINAL_PARENT_DEPTH_GROUP_2,6072,0.001895665726269227,0.00024532648750816033,0.0004530955615815879,1615160.371359096,"[1390, 1391]",6.086123038432387e-05,ORIGINAL_PARENT_DIAGONAL,SCALAR_PARENT_METRICS_ONLY_NO_NODAL_FIELD_INTERPOLATION
FL1,1390,0.00462601123355589,FAR_FROM_OWN_FIRST_DELETE_COLUMNS:ORIGINAL_PARENT_DEPTH_GROUP_3,6072,0.0015705357138520199,0.00013712447764841683,0.00017293624647175286,571141.7503000321,"[1390, 1391]",6.086123038432387e-05,ORIGINAL_PARENT_DIAGONAL,SCALAR_PARENT_METRICS_ONLY_NO_NODAL_FIELD_INTERPOLATION
FL1,1390,0.00462601123355589,FAR_FROM_OWN_FIRST_DELETE_COLUMNS:ORIGINAL_PARENT_DEPTH_GROUP_4,6072,0.00031583012067993617,4.2891778500313707e-05,7.994505469752081e-05,22583.745160456867,"[1390, 1391]",6.086123038432387e-05,ORIGINAL_PARENT_DIAGONAL,SCALAR_PARENT_METRICS_ONLY_NO_NODAL_FIELD_INTERPOLATION
R1,4000,0.02000000000000147,ALL:ORIGINAL_PARENT_DEPTH_GROUP_1,6144,0.6841527143948666,0.012903125560597667,0.0029869115831407766,574016.2504423034,"[4000, 4000]",0.0,ORIGINAL_PARENT_DIAGONAL,NONE_NATIVE_R1
R1,4000,0.02000000000000147,ALL:ORIGINAL_PARENT_DEPTH_GROUP_2,6144,0.00476947373410159,0.0005011875855713478,0.0009372850404831296,128116.08839494234,"[4000, 4000]",0.0,ORIGINAL_PARENT_DIAGONAL,NONE_NATIVE_R1
R1,4000,0.02000000000000147,ALL:ORIGINAL_PARENT_DEPTH_GROUP_3,6144,0.0007955084519755514,0.00015643227107197842,0.00034453591274864195,78270.50574116965,"[4000, 4000]",0.0,ORIGINAL_PARENT_DIAGONAL,NONE_NATIVE_R1
R1,4000,0.02000000000000147,ALL:ORIGINAL_PARENT_DEPTH_GROUP_4,6144,0.003995169045971345,0.00010535804370014142,0.0001470672527854351,26735.040511415256,"[4000, 4000]",0.0,ORIGINAL_PARENT_DIAGONAL,NONE_NATIVE_R1
R1,4000,0.02000000000000147,NEAR_OWN_FIRST_DELETE_COLUMNS:ORIGINAL_PARENT_DEPTH_GROUP_1,72,0.6841527143948666,0.11746687584051449,0.1152029184065855,574016.2504423034,"[4000, 4000]",0.0,ORIGINAL_PARENT_DIAGONAL,NONE_NATIVE_R1
R1,4000,0.02000000000000147,NEAR_OWN_FIRST_DELETE_COLUMNS:ORIGINAL_PARENT_DEPTH_GROUP_2,72,0.004127130369525246,0.0011985830138761652,0.0026293652803049848,110705.01749007864,"[4000, 4000]",0.0,ORIGINAL_PARENT_DIAGONAL,NONE_NATIVE_R1
R1,4000,0.02000000000000147,NEAR_OWN_FIRST_DELETE_COLUMNS:ORIGINAL_PARENT_DEPTH_GROUP_3,72,0.0002953222952739856,0.0001030898715741976,0.00020373567433823914,68106.12695091126,"[4000, 4000]",0.0,ORIGINAL_PARENT_DIAGONAL,NONE_NATIVE_R1
R1,4000,0.02000000000000147,NEAR_OWN_FIRST_DELETE_COLUMNS:ORIGINAL_PARENT_DEPTH_GROUP_4,72,0.00013023558646263296,7.190947072348804e-05,0.00012719326696484015,21537.970065799083,"[4000, 4000]",0.0,ORIGINAL_PARENT_DIAGONAL,NONE_NATIVE_R1
R1,4000,0.02000000000000147,FAR_FROM_OWN_FIRST_DELETE_COLUMNS:ORIGINAL_PARENT_DEPTH_GROUP_1,6072,0.06159977768207151,0.0022015135328532116,0.0023208544732264444,472297.83301108464,"[4000, 4000]",0.0,ORIGINAL_PARENT_DIAGONAL,NONE_NATIVE_R1
R1,4000,0.02000000000000147,FAR_FROM_OWN_FIRST_DELETE_COLUMNS:ORIGINAL_PARENT_DEPTH_GROUP_2,6072,0.00476947373410159,0.00048696275447755445,0.0008879758540313261,128116.08839494234,"[4000, 4000]",0.0,ORIGINAL_PARENT_DIAGONAL,NONE_NATIVE_R1
R1,4000,0.02000000000000147,FAR_FROM_OWN_FIRST_DELETE_COLUMNS:ORIGINAL_PARENT_DEPTH_GROUP_3,6072,0.0007955084519755514,0.00015695607031133735,0.0003458980001124586,78270.50574116965,"[4000, 4000]",0.0,ORIGINAL_PARENT_DIAGONAL,NONE_NATIVE_R1
R1,4000,0.02000000000000147,FAR_FROM_OWN_FIRST_DELETE_COLUMNS:ORIGINAL_PARENT_DEPTH_GROUP_4,6072,0.003995169045971345,0.00010569118135261469,0.00014724276929870412,26735.040511415256,"[4000, 4000]",0.0,ORIGINAL_PARENT_DIAGONAL,NONE_NATIVE_R1
