case,frame,native_time_s,actual_strain,scale,element_label,node_label,X_mm,Z_mm,U1_mm,U2_mm,V1_mm_per_s,V2_mm_per_s
R1,0,0.0,0.0,ORIGINAL_PARENT,1,1,0.0,-0.005,0.0,0.0,-0.0,0.0
R1,0,0.0,0.0,ORIGINAL_PARENT,1,2,3.90625e-05,-0.005,0.0,0.0,0.0,0.0
R1,0,0.0,0.0,ORIGINAL_PARENT,1,515,3.90625e-05,-0.00474070165301692,0.0,0.0,0.0,0.0
R1,0,0.0,0.0,ORIGINAL_PARENT,1,514,0.0,-0.00474070165301692,0.0,0.0,-0.0,0.0
R1,0,0.0,0.0,CHILD_OWN_SCALE,1,1,0.0,-0.005,0.0,0.0,-0.0,0.0
R1,0,0.0,0.0,CHILD_OWN_SCALE,1,2,3.90625e-05,-0.005,0.0,0.0,0.0,0.0
R1,0,0.0,0.0,CHILD_OWN_SCALE,1,27191,3.90625e-05,-0.00487035082650846,0.0,0.0,0.0,0.0
R1,0,0.0,0.0,CHILD_OWN_SCALE,1,27190,0.0,-0.00487035082650846,0.0,0.0,-0.0,0.0
R1,1057,1.3212501471571159e-05,0.0023822427619997906,ORIGINAL_PARENT,257,257,0.01,-0.005,4.226695451770067e-20,0.0,1.1914390733562927e-11,0.0
R1,1057,1.3212501471571159e-05,0.0023822427619997906,ORIGINAL_PARENT,257,258,0.0100390625,-0.005,9.16419873190202e-08,1.1000342736400441e-08,0.01744558756445588,0.0021647718600303154
R1,1057,1.3212501471571159e-05,0.0023822427619997906,ORIGINAL_PARENT,257,771,0.0100390625,-0.00474070165301692,9.278809158057279e-08,-5.895510051633752e-07,0.01767238672662454,-0.1119424722181877
R1,1057,1.3212501471571159e-05,0.0023822427619997906,ORIGINAL_PARENT,257,770,0.01,-0.00474070165301692,6.521385092248121e-20,-5.901916844369968e-07,5.641359226449339e-12,-0.11206736646299324
R1,1057,1.3212501471571159e-05,0.0023822427619997906,CHILD_OWN_SCALE,256,256,0.009960937500000001,-0.005,-9.164198731893232e-08,1.1000342736442793e-08,-0.01744558755881985,0.002164771854839057
R1,1057,1.3212501471571159e-05,0.0023822427619997906,CHILD_OWN_SCALE,256,257,0.01,-0.005,4.226695451770067e-20,0.0,1.1914390733562927e-11,0.0
R1,1057,1.3212501471571159e-05,0.0023822427619997906,CHILD_OWN_SCALE,256,27446,0.01,-0.00487035082650846,5.34288637438578e-20,-2.8989470737747424e-07,9.629959450777544e-12,-0.05501139422552312
R1,1057,1.3212501471571159e-05,0.0023822427619997906,CHILD_OWN_SCALE,256,27445,0.009960937500000001,-0.00487035082650846,-9.136400082656733e-08,-2.923419860755022e-07,-0.01739212551595165,-0.0554908214781093
R1,1058,1.3225006114225835e-05,0.0023879182714846886,ORIGINAL_PARENT,24367,24414,0.011796875,-3.75e-05,4.29117876986199e-06,-1.1554544165805898e-05,1.583195084191505,-0.47710281522565157
R1,1058,1.3225006114225835e-05,0.0023879182714846886,ORIGINAL_PARENT,24367,24415,0.011835937500000001,-3.75e-05,4.386411718357911e-06,-1.1554521827356474e-05,2.687936376145612,-0.4799010732365729
R1,1058,1.3225006114225835e-05,0.0023879182714846886,ORIGINAL_PARENT,24367,24928,0.011835937500000001,0.0,4.398473818077414e-06,-1.1646871678326924e-05,5.864062141873282,-2.2660631500944395
R1,1058,1.3225006114225835e-05,0.0023879182714846886,ORIGINAL_PARENT,24367,24927,0.011796875,0.0,4.284167240234304e-06,-1.1646873664945182e-05,-1.0156007089180974,-2.2656821176812554
R1,1058,1.3225006114225835e-05,0.0023879182714846886,CHILD_OWN_SCALE,50991,51603,0.011796875,-1.875e-05,4.293658845541026e-06,-1.1598643279426915e-05,2.458330012714274,-0.7466110377595294
R1,1058,1.3225006114225835e-05,0.0023879182714846886,CHILD_OWN_SCALE,50991,51604,0.011835937500000001,-1.875e-05,4.38628333805941e-06,-1.1598663489005212e-05,2.4208619811047623,-0.7473943045698715
R1,1058,1.3225006114225835e-05,0.0023879182714846886,CHILD_OWN_SCALE,50991,24928,0.011835937500000001,0.0,4.398473818077414e-06,-1.1646871678326924e-05,5.864062141873282,-2.2660631500944395
R1,1058,1.3225006114225835e-05,0.0023879182714846886,CHILD_OWN_SCALE,50991,24927,0.011796875,0.0,4.284167240234304e-06,-1.1646873664945182e-05,-1.0156007089180974,-2.2656821176812554
R1,1060,1.3250003576104064e-05,0.0023992847122015536,ORIGINAL_PARENT,24367,24414,0.011796875,-3.75e-05,1.0819548250161016e-06,-4.107995728488018e-06,-946.9469371738307,1999.4667647671124
R1,1060,1.3250003576104064e-05,0.0023992847122015536,ORIGINAL_PARENT,24367,24415,0.011835937500000001,-3.75e-05,4.681304925683965e-06,-4.212346625409956e-06,50.25311386318968,1948.649187663044
R1,1060,1.3250003576104064e-05,0.0023992847122015536,ORIGINAL_PARENT,24367,24928,0.011835937500000001,0.0,1.9600385852191014e-05,-1.209012203741675e-05,4332.792841793697,-127.18283397844715
R1,1060,1.3250003576104064e-05,0.0023992847122015536,ORIGINAL_PARENT,24367,24927,0.011796875,0.0,-1.536701854175747e-05,-1.2080937693698885e-05,-5633.228969728463,-120.81086680447513
R1,1060,1.3250003576104064e-05,0.0023992847122015536,CHILD_OWN_SCALE,50991,51603,0.011796875,-1.875e-05,-8.2764745197777e-08,-5.918110030093699e-06,-2090.940475942153,1247.2500992279142
R1,1060,1.3250003576104064e-05,0.0023992847122015536,CHILD_OWN_SCALE,50991,51604,0.011835937500000001,-1.875e-05,5.1782745901821515e-06,-6.023065224805084e-06,1015.7593607049538,1205.1298402048058
R1,1060,1.3250003576104064e-05,0.0023992847122015536,CHILD_OWN_SCALE,50991,24928,0.011835937500000001,0.0,1.9600385852191014e-05,-1.209012203741675e-05,4332.792841793697,-127.18283397844715
R1,1060,1.3250003576104064e-05,0.0023992847122015536,CHILD_OWN_SCALE,50991,24927,0.011796875,0.0,-1.536701854175747e-05,-1.2080937693698885e-05,-5633.228969728463,-120.81086680447513
R1,1061,1.3262505490274634e-05,0.0024049796788102166,ORIGINAL_PARENT,24367,24414,0.011796875,-3.75e-05,3.7174110274084398e-06,-3.302179287801417e-06,-511.53213513656345,731.427577658011
R1,1061,1.3262505490274634e-05,0.0024049796788102166,ORIGINAL_PARENT,24367,24415,0.011835937500000001,-3.75e-05,1.0001380824742958e-05,-3.544772554536921e-06,-92.44099140082405,247.26253322606576
R1,1061,1.3262505490274634e-05,0.0024049796788102166,ORIGINAL_PARENT,24367,24928,0.011835937500000001,0.0,2.7478116401339912e-05,-1.4164433933937796e-05,-2882.422172347674,-78.52411794579939
R1,1061,1.3262505490274634e-05,0.0024049796788102166,ORIGINAL_PARENT,24367,24927,0.011796875,0.0,-1.9251223041613146e-05,-1.4207750589813535e-05,-5746.344733339031,-73.89625735347165
R1,1061,1.3262505490274634e-05,0.0024049796788102166,CHILD_OWN_SCALE,50991,51603,0.011796875,-1.875e-05,1.187301099720628e-06,-6.290577123626885e-06,-2617.067346135116,473.0442554970271
R1,1061,1.3262505490274634e-05,0.0024049796788102166,CHILD_OWN_SCALE,50991,51604,0.011835937500000001,-1.875e-05,1.1154434182785218e-05,-6.8033788615264964e-06,-1344.8947252530138,21.31510573592868
R1,1061,1.3262505490274634e-05,0.0024049796788102166,CHILD_OWN_SCALE,50991,24928,0.011835937500000001,0.0,2.7478116401339912e-05,-1.4164433933937796e-05,-2882.422172347674,-78.52411794579939
R1,1061,1.3262505490274634e-05,0.0024049796788102166,CHILD_OWN_SCALE,50991,24927,0.011796875,0.0,-1.9251223041613146e-05,-1.4207750589813535e-05,-5746.344733339031,-73.89625735347165
R1,1081,1.3512505574908573e-05,0.002520296970342847,ORIGINAL_PARENT,24367,24414,0.011796875,-3.75e-05,-2.886302908042187e-06,1.2188925453487953e-05,809.5977310775909,197.74641734014304
R1,1081,1.3512505574908573e-05,0.002520296970342847,ORIGINAL_PARENT,24367,24415,0.011835937500000001,-3.75e-05,4.0303674221111385e-06,1.2391475034875651e-05,677.8746878954239,56.911780221034924
R1,1081,1.3512505574908573e-05,0.002520296970342847,ORIGINAL_PARENT,24367,24928,0.011835937500000001,0.0,2.540180559447125e-05,9.856791639896433e-07,-163.9238083231708,147.95082004391145
R1,1081,1.3512505574908573e-05,0.002520296970342847,ORIGINAL_PARENT,24367,24927,0.011796875,0.0,-2.4481886980880716e-05,6.593296109364672e-07,70.59176012004004,104.43915297086161
R1,1081,1.3512505574908573e-05,0.002520296970342847,CHILD_OWN_SCALE,50991,51603,0.011796875,-1.875e-05,-5.2230029581622735e-06,8.684668268875514e-06,394.73573547566576,171.18852149483317
R1,1081,1.3512505574908573e-05,0.002520296970342847,CHILD_OWN_SCALE,50991,51604,0.011835937500000001,-1.875e-05,6.20074267011315e-06,8.977547314517984e-06,496.8846490229053,73.30839679014915
R1,1081,1.3512505574908573e-05,0.002520296970342847,CHILD_OWN_SCALE,50991,24928,0.011835937500000001,0.0,2.540180559447125e-05,9.856791639896433e-07,-163.9238083231708,147.95082004391145
R1,1081,1.3512505574908573e-05,0.002520296970342847,CHILD_OWN_SCALE,50991,24927,0.011796875,0.0,-2.4481886980880716e-05,6.593296109364672e-07,70.59176012004004,104.43915297086161
R1,1082,1.3525004760595039e-05,0.0025261341599057308,ORIGINAL_PARENT,24367,24414,0.011796875,-3.75e-05,-3.15873178922448e-06,1.3144125157897889e-05,-610.1250575363981,-67.05363957370385
R1,1082,1.3525004760595039e-05,0.0025261341599057308,ORIGINAL_PARENT,24367,24415,0.011835937500000001,-3.75e-05,3.5719971068800894e-06,1.3069235308682692e-05,-455.78000986947967,143.498917214466
R1,1082,1.3525004760595039e-05,0.0025261341599057308,ORIGINAL_PARENT,24367,24928,0.011835937500000001,0.0,2.4642330382821072e-05,1.6888428211146468e-06,227.25457487518736,57.63465868884068
R1,1082,1.3525004760595039e-05,0.0025261341599057308,ORIGINAL_PARENT,24367,24927,0.011796875,0.0,-2.4473766235030853e-05,1.8401688672327134e-06,557.000677352495,33.2689639034739
R1,1082,1.3525004760595039e-05,0.0025261341599057308,CHILD_OWN_SCALE,50991,51603,0.011796875,-1.875e-05,-5.310313087315159e-06,9.784958952482336e-06,148.37311053896514,56.40566588258552
R1,1082,1.3525004760595039e-05,0.0025261341599057308,CHILD_OWN_SCALE,50991,51604,0.011835937500000001,-1.875e-05,5.923068961225121e-06,9.617530650171773e-06,154.01730245355168,-21.6011573282713
R1,1082,1.3525004760595039e-05,0.0025261341599057308,CHILD_OWN_SCALE,50991,24928,0.011835937500000001,0.0,2.4642330382821072e-05,1.6888428211146468e-06,227.25457487518736,57.63465868884068
R1,1082,1.3525004760595039e-05,0.0025261341599057308,CHILD_OWN_SCALE,50991,24927,0.011796875,0.0,-2.4473766235030853e-05,1.8401688672327134e-06,557.000677352495,33.2689639034739
R1,1389,1.7362503058393486e-05,0.004618302264921559,ORIGINAL_PARENT,24367,24414,0.011796875,-3.75e-05,-9.613931538887146e-06,-1.0557078719419788e-05,-1433.2047086364616,-146.34329483283855
R1,1389,1.7362503058393486e-05,0.004618302264921559,ORIGINAL_PARENT,24367,24415,0.011835937500000001,-3.75e-05,7.517607686870825e-06,-1.1013885005344699e-05,-1597.7783665513857,-141.30354965248605
R1,1389,1.7362503058393486e-05,0.004618302264921559,ORIGINAL_PARENT,24367,24928,0.011835937500000001,0.0,4.588248691655249e-05,-3.0483775855663867e-05,-709.3690414360141,-267.5636567387555
R1,1389,1.7362503058393486e-05,0.004618302264921559,ORIGINAL_PARENT,24367,24927,0.011796875,0.0,-4.6236757470430884e-05,-2.931034507205015e-05,-2.689301071425768,117.19758415755233
R1,1389,1.7362503058393486e-05,0.004618302264921559,CHILD_OWN_SCALE,50991,51603,0.011796875,-1.875e-05,-2.0047785871903275e-05,-1.7999229390593223e-05,-786.7439476294321,-38.033174046740186
R1,1389,1.7362503058393486e-05,0.004618302264921559,CHILD_OWN_SCALE,50991,51604,0.011835937500000001,-1.875e-05,1.8693762222365298e-05,-1.8822520151055054e-05,-1232.6651495541416,-169.71920485418872
R1,1389,1.7362503058393486e-05,0.004618302264921559,CHILD_OWN_SCALE,50991,24928,0.011835937500000001,0.0,4.588248691655249e-05,-3.0483775855663867e-05,-709.3690414360141,-267.5636567387555
R1,1389,1.7362503058393486e-05,0.004618302264921559,CHILD_OWN_SCALE,50991,24927,0.011796875,0.0,-4.6236757470430884e-05,-2.931034507205015e-05,-2.689301071425768,117.19758415755233
R1,1390,1.737500133458525e-05,0.00462601123355589,ORIGINAL_PARENT,24367,24414,0.011796875,-3.75e-05,-8.05806756137544e-06,-9.799223051753105e-06,-469.663507296053,149.8449714327043
R1,1390,1.737500133458525e-05,0.00462601123355589,ORIGINAL_PARENT,24367,24415,0.011835937500000001,-3.75e-05,8.44228082495306e-06,-1.2190398766509413e-05,-81.56828906641786,216.40793994687465
R1,1390,1.737500133458525e-05,0.00462601123355589,ORIGINAL_PARENT,24367,24928,0.011835937500000001,0.0,4.603334705235532e-05,-3.190861777662276e-05,836.0906208346764,-95.43579669068362
R1,1390,1.737500133458525e-05,0.00462601123355589,ORIGINAL_PARENT,24367,24927,0.011796875,0.0,-4.5787788706297125e-05,-2.8016830744568565e-05,17.38879625261809,116.64077890741238
R1,1390,1.737500133458525e-05,0.00462601123355589,CHILD_OWN_SCALE,50991,51603,0.011796875,-1.875e-05,-1.876548640325988e-05,-1.692830511068025e-05,-264.74550940869364,132.80224746434746
R1,1390,1.737500133458525e-05,0.00462601123355589,CHILD_OWN_SCALE,50991,51604,0.011835937500000001,-1.875e-05,1.937318466629518e-05,-2.0108368160443647e-05,444.78521517839533,16.789391858702395
R1,1390,1.737500133458525e-05,0.00462601123355589,CHILD_OWN_SCALE,50991,24928,0.011835937500000001,0.0,4.603334705235532e-05,-3.190861777662276e-05,836.0906208346764,-95.43579669068362
R1,1390,1.737500133458525e-05,0.00462601123355589,CHILD_OWN_SCALE,50991,24927,0.011796875,0.0,-4.5787788706297125e-05,-2.8016830744568565e-05,17.38879625261809,116.64077890741238
R1,4000,4.999999873689376e-05,0.02000000000000147,ORIGINAL_PARENT,24367,24414,0.011796875,-3.75e-05,-0.00012364886931552784,-7.153391820158305e-05,180.47055300888763,-73.07179192814088
R1,4000,4.999999873689376e-05,0.02000000000000147,ORIGINAL_PARENT,24367,24415,0.011835937500000001,-3.75e-05,0.00012599691839538079,-7.249105126871498e-05,158.19706373942995,-9.75987334239646
R1,4000,4.999999873689376e-05,0.02000000000000147,ORIGINAL_PARENT,24367,24928,0.011835937500000001,0.0,0.00019905532899955783,-0.00010503934124166026,-6.005608173428151,-8.875222081624594
R1,4000,4.999999873689376e-05,0.02000000000000147,ORIGINAL_PARENT,24367,24927,0.011796875,0.0,-0.0001987755038871277,-0.00010394051620284749,0.2544263373744653,-72.91944625150802
R1,4000,4.999999873689376e-05,0.02000000000000147,CHILD_OWN_SCALE,50991,51603,0.011796875,-1.875e-05,-0.00015839590004154303,-8.754643663076397e-05,98.71868904540625,-73.4395386954051
R1,4000,4.999999873689376e-05,0.02000000000000147,CHILD_OWN_SCALE,50991,51604,0.011835937500000001,-1.875e-05,0.000159693121240942,-8.857458489808581e-05,84.61409957102019,-8.827185764360973
R1,4000,4.999999873689376e-05,0.02000000000000147,CHILD_OWN_SCALE,50991,24928,0.011835937500000001,0.0,0.00019905532899955783,-0.00010503934124166026,-6.005608173428151,-8.875222081624594
R1,4000,4.999999873689376e-05,0.02000000000000147,CHILD_OWN_SCALE,50991,24927,0.011796875,0.0,-0.0001987755038871277,-0.00010394051620284749,0.2544263373744653,-72.91944625150802
