inventory,variable,common_rows,max_abs_difference,rms_difference,actual_strain_at_max,R2_signed_at_max,R1_signed_at_max,R2_minus_R1_signed_at_max,physical_validation
HISTORY_CURVES,ALLAE,33965,1.375866138797477e-07,9.194264819675332e-08,0.01999999803956598,1.239339519898408e-09,1.388259533996461e-07,-1.375866138797477e-07,False
HISTORY_CURVES,ALLDMD,33965,2.047541898735478e-07,2.2528923245527864e-09,0.00239814671658678,3.2711585618017125e-07,5.318700460537191e-07,-2.047541898735478e-07,False
HISTORY_CURVES,ALLIE,33965,1.8660409750737017e-07,8.938204607519761e-08,0.01999999803956598,8.977114021035959e-07,1.084315499610966e-06,-1.8660409750737017e-07,False
HISTORY_CURVES,ALLKE,33965,8.497814008023852e-08,3.744024264432024e-08,0.002522631075407844,1.2001210336620716e-07,3.503396328596864e-08,8.497814008023852e-08,False
HISTORY_CURVES,ALLSE,33965,2.7623314480251793e-07,2.1983394871687875e-08,0.002399284676357638,3.5638001349980186e-07,8.014686869728394e-08,2.7623314480251793e-07,False
HISTORY_CURVES,ALLVD,33965,5.1416751745136935e-08,2.356978420386203e-08,0.019999999494757503,9.375263942956735e-08,4.233588768443042e-08,5.1416751745136935e-08,False
HISTORY_CURVES,ALLWK,33965,1.1121987872341886e-09,6.945032214777184e-10,0.0024015598683035932,9.60374450641177e-07,9.592622518539429e-07,1.1121987872341886e-09,False
HISTORY_CURVES,ETOTAL,33965,8.369747472869449e-08,3.2826164641623935e-08,0.019999999494757503,-9.853061300191257e-08,-1.4833138273218083e-08,-8.369747472869449e-08,False
HISTORY_CURVES,ITO:ALLAE,33965,1.0920939430558718e-09,5.236597531602442e-10,0.019999999494757503,1.336194488388287e-09,2.441005453324152e-10,1.0920939430558718e-09,False
HISTORY_CURVES,ITO:ALLDMD,33965,2.047541898735478e-07,2.2528923253553576e-09,0.00239814671658678,3.2711585618017125e-07,5.318700460537191e-07,-2.047541898735478e-07,False
HISTORY_CURVES,ITO:ALLIE,33965,8.058066214289283e-08,5.8129705636629055e-09,0.002399284676357638,9.245479191122286e-07,8.439672569693357e-07,8.058066214289283e-08,False
HISTORY_CURVES,ITO:ALLKE,33965,7.235004380002584e-08,5.2532509585192304e-09,0.002403838334430475,1.016256803154647e-07,2.927563651543886e-08,7.235004380002584e-08,False
HISTORY_CURVES,ITO:ALLSE,33965,2.7907407229577075e-07,5.920943905229558e-09,0.002399284676357638,3.545607398791617e-07,7.548666758339095e-08,2.7907407229577075e-07,False
HISTORY_CURVES,ITO:ALLVD,33965,1.2877674038236364e-08,6.007397340286356e-09,0.002399284676357638,7.1031003301413875e-09,1.9980774368377752e-08,-1.2877674038236364e-08,False
HISTORY_CURVES,KE_IE_ratio,33965,0.10825257315885754,0.043503707894420804,0.002522631075407844,0.14720942723126731,0.03895685407240977,0.10825257315885754,False
HISTORY_CURVES,PDMS:ALLAE,33965,1.386767670696898e-07,9.243523229303354e-08,0.01999999803956598,-9.464351524712811e-11,1.3858212355444266e-07,-1.386767670696898e-07,False
HISTORY_CURVES,PDMS:ALLDMD,33965,0.0,0.0,0.0,0.0,0.0,0.0,False
HISTORY_CURVES,PDMS:ALLIE,33965,1.933812043830585e-07,9.236395796094625e-08,0.01999999803956598,1.128156199570185e-07,3.06196824340077e-07,-1.933812043830585e-07,False
HISTORY_CURVES,PDMS:ALLKE,33965,8.581639932003782e-08,3.494596593742224e-08,0.002522631075407844,1.1847774317175208e-07,3.2661343851714264e-08,8.581639932003782e-08,False
HISTORY_CURVES,PDMS:ALLSE,33965,7.99263339956724e-08,2.056187066465841e-08,0.002522631075407844,3.5576345425170075e-08,1.1550267942084247e-07,-7.99263339956724e-08,False
HISTORY_CURVES,PDMS:ALLVD,33965,3.8719203843129435e-08,1.756383570402141e-08,0.019999999494757503,4.87458748921199e-08,1.0026671048990465e-08,3.8719203843129435e-08,False
HISTORY_CURVES,W_path_N_mm,33965,1.054596148131579e-09,6.391150114962823e-10,0.0024015598683035932,9.603314617320976e-07,9.59276865583966e-07,1.054596148131579e-09,False
HISTORY_CURVES,force_N_per_1mm_b,33965,0.02531107441088786,0.00272421366896126,0.0024004215447348543,0.010564705571828911,-0.01474636883905895,0.02531107441088786,False
SPATIAL_PATH,cumulative_cracked_reference_fraction,8000,0.00021322792386846423,2.4874841420293393e-06,0.0023879170613075843,0.9999999999999998,0.9997867720761313,0.00021322792386846423,False
SPATIAL_PATH,native_crack_observed_reference_fraction,8000,0.00021322792386846423,2.4874841420293393e-06,0.0023879170613075843,0.9999999999999998,0.9997867720761313,0.00021322792386846423,False
SPATIAL_PATH,deleted_reference_fraction,8000,4.5796333303675316e-07,5.121376529486521e-09,0.002404978343470241,0.0019531249999999581,0.0019526670366669214,4.5796333303675316e-07,False
SPATIAL_PATH,active_cracked_reference_fraction,8000,0.00021322792386846423,2.48748941411717e-06,0.0023879170613075843,0.9999999999999998,0.9997867720761313,0.00021322792386846423,False
SPATIAL_PATH,min_active_Jacobian_mm2,8000,2.514740958063127e-11,1.700688764364289e-12,0.0023992847122015536,1.4809664968415683e-10,1.2294924010352556e-10,2.514740958063127e-11,False
SPATIAL_PATH,overlap_area_mm2,8000,9.317362419797304e-21,1.7126676633383635e-21,6.243088764791551e-06,9.317362419797304e-21,0.0,9.317362419797304e-21,False
SPATIAL_PATH,ITO_active_max_principal_MPa,8000,99.81305753807074,19.724389799019317,0.002416387657647621,109.36700247632277,9.553944938252036,99.81305753807074,False
SPATIAL_PATH,ITO_active_CKLE_max_abs,8000,0.24663593305093034,0.0039043067098815313,0.0023992847122015536,0.3923415349628331,0.6389774680137634,-0.24663593305093034,False
